city_id,city,name,rating,url
5,Rouen,"Le Clémenceau - 6 pers, balcon & cœur de Rouen",,https://www.booking.com/hotel/fr/le-clemenceau-6-pers-balcon-amp-coeur-de-rouen.html?aid=304142&label=gen173nr-10CAQoggJCFHNlYXJjaF9yb3VlbiwgZnJhbmNlSDNYBGg7iAEBmAEzuAEXyAEM2AED6AEB-AEBiAIBqAIBuAKr1JTUBsACAdICJDg4NGE0MjYzLTQzOGYtNDUzMy1iMTEzLTUzNzZlNDM5Y2I4Y9gCAeACAQ&ucfs=1&arphpl=1&group_adults=2&req_adults=2&no_rooms=1&group_children=0&req_children=0&hpos=1&hapos=1&sr_order=popularity&srpvid=33df1c15eae80044&srepoch=1787111981&from=searchresults
5,Rouen,ibis budget Rouen Centre Rive Gauche,8.3,https://www.booking.com/hotel/fr/ibis-budget-rouen-centre-rive-gauche.html?aid=304142&label=gen173nr-10CAQoggJCFHNlYXJjaF9yb3VlbiwgZnJhbmNlSDNYBGg7iAEBmAEzuAEXyAEM2AED6AEB-AEBiAIBqAIBuAKr1JTUBsACAdICJDg4NGE0MjYzLTQzOGYtNDUzMy1iMTEzLTUzNzZlNDM5Y2I4Y9gCAeACAQ&ucfs=1&arphpl=1&group_adults=2&req_adults=2&no_rooms=1&group_children=0&req_children=0&hpos=2&hapos=2&sr_order=popularity&srpvid=33df1c15eae80044&srepoch=1787111981&from_sustainable_property_sr=1&from=searchresults
5,Rouen,"Radisson Blu Hotel, Rouen Centre",8.9,https://www.booking.com/hotel/fr/radisson-blu-rouen-centre.html?aid=304142&label=gen173nr-10CAQoggJCFHNlYXJjaF9yb3VlbiwgZnJhbmNlSDNYBGg7iAEBmAEzuAEXyAEM2AED6AEB-AEBiAIBqAIBuAKr1JTUBsACAdICJDg4NGE0MjYzLTQzOGYtNDUzMy1iMTEzLTUzNzZlNDM5Y2I4Y9gCAeACAQ&ucfs=1&arphpl=1&group_adults=2&req_adults=2&no_rooms=1&group_children=0&req_children=0&hpos=3&hapos=3&sr_order=popularity&srpvid=33df1c15eae80044&srepoch=1787111981&from_sustainable_property_sr=1&from=searchresults
5,Rouen,Hyatt Place Rouen,8.6,https://www.booking.com/hotel/fr/hyatt-place-rouen.html?aid=304142&label=gen173nr-10CAQoggJCFHNlYXJjaF9yb3VlbiwgZnJhbmNlSDNYBGg7iAEBmAEzuAEXyAEM2AED6AEB-AEBiAIBqAIBuAKr1JTUBsACAdICJDg4NGE0MjYzLTQzOGYtNDUzMy1iMTEzLTUzNzZlNDM5Y2I4Y9gCAeACAQ&ucfs=1&arphpl=1&group_adults=2&req_adults=2&no_rooms=1&group_children=0&req_children=0&hpos=4&hapos=4&sr_order=popularity&srpvid=33df1c15eae80044&srepoch=1787111981&from_sustainable_property_sr=1&from=searchresults
5,Rouen,B&B HOTEL Rouen Centre,6.8,https://www.booking.com/hotel/fr/comforthotelrouencentre.html?aid=304142&label=gen173nr-10CAQoggJCFHNlYXJjaF9yb3VlbiwgZnJhbmNlSDNYBGg7iAEBmAEzuAEXyAEM2AED6AEB-AEBiAIBqAIBuAKr1JTUBsACAdICJDg4NGE0MjYzLTQzOGYtNDUzMy1iMTEzLTUzNzZlNDM5Y2I4Y9gCAeACAQ&ucfs=1&arphpl=1&group_adults=2&req_adults=2&no_rooms=1&group_children=0&req_children=0&hpos=5&hapos=5&sr_order=popularity&srpvid=33df1c15eae80044&srepoch=1787111981&from_sustainable_property_sr=1&from=searchresults
5,Rouen,ibis Rouen Centre Rive Droite Pasteur,8.2,https://www.booking.com/hotel/fr/ibis-rouen-centre-rive-droite-pasteur.html?aid=304142&label=gen173nr-10CAQoggJCFHNlYXJjaF9yb3VlbiwgZnJhbmNlSDNYBGg7iAEBmAEzuAEXyAEM2AED6AEB-AEBiAIBqAIBuAKr1JTUBsACAdICJDg4NGE0MjYzLTQzOGYtNDUzMy1iMTEzLTUzNzZlNDM5Y2I4Y9gCAeACAQ&ucfs=1&arphpl=1&group_adults=2&req_adults=2&no_rooms=1&group_children=0&req_children=0&hpos=6&hapos=6&sr_order=popularity&srpvid=33df1c15eae80044&srepoch=1787111981&from_sustainable_property_sr=1&from=searchresults
5,Rouen,ibis Rouen Centre Champ de Mars,8.2,https://www.booking.com/hotel/fr/ibis-rouen-champ-de-mars.html?aid=304142&label=gen173nr-10CAQoggJCFHNlYXJjaF9yb3VlbiwgZnJhbmNlSDNYBGg7iAEBmAEzuAEXyAEM2AED6AEB-AEBiAIBqAIBuAKr1JTUBsACAdICJDg4NGE0MjYzLTQzOGYtNDUzMy1iMTEzLTUzNzZlNDM5Y2I4Y9gCAeACAQ&ucfs=1&arphpl=1&group_adults=2&req_adults=2&no_rooms=1&group_children=0&req_children=0&hpos=7&hapos=7&sr_order=popularity&srpvid=33df1c15eae80044&srepoch=1787111981&from_sustainable_property_sr=1&from=searchresults
5,Rouen,Loft moderne avec garage dans l'hyper centre,9.0,https://www.booking.com/hotel/fr/modern-loft-with-private-garage-in-rouen-center.html?aid=304142&label=gen173nr-10CAQoggJCFHNlYXJjaF9yb3VlbiwgZnJhbmNlSDNYBGg7iAEBmAEzuAEXyAEM2AED6AEB-AEBiAIBqAIBuAKr1JTUBsACAdICJDg4NGE0MjYzLTQzOGYtNDUzMy1iMTEzLTUzNzZlNDM5Y2I4Y9gCAeACAQ&ucfs=1&arphpl=1&group_adults=2&req_adults=2&no_rooms=1&group_children=0&req_children=0&hpos=8&hapos=8&sr_order=popularity&srpvid=33df1c15eae80044&srepoch=1787111981&from=searchresults
5,Rouen,Ibis Styles Rouen Centre Rive Gauche,8.4,https://www.booking.com/hotel/fr/ibis-styles-rouen-centre-rive-gauche.html?aid=304142&label=gen173nr-10CAQoggJCFHNlYXJjaF9yb3VlbiwgZnJhbmNlSDNYBGg7iAEBmAEzuAEXyAEM2AED6AEB-AEBiAIBqAIBuAKr1JTUBsACAdICJDg4NGE0MjYzLTQzOGYtNDUzMy1iMTEzLTUzNzZlNDM5Y2I4Y9gCAeACAQ&ucfs=1&arphpl=1&group_adults=2&req_adults=2&no_rooms=1&group_children=0&req_children=0&hpos=9&hapos=9&sr_order=popularity&srpvid=33df1c15eae80044&srepoch=1787111981&from_sustainable_property_sr=1&from=searchresults
5,Rouen,Duplex vieux marché quartier historique wifi/parking,9.4,https://www.booking.com/hotel/fr/duplex-vieux-marche-quartier-historique-wifi-parking.html?aid=304142&label=gen173nr-10CAQoggJCFHNlYXJjaF9yb3VlbiwgZnJhbmNlSDNYBGg7iAEBmAEzuAEXyAEM2AED6AEB-AEBiAIBqAIBuAKr1JTUBsACAdICJDg4NGE0MjYzLTQzOGYtNDUzMy1iMTEzLTUzNzZlNDM5Y2I4Y9gCAeACAQ&ucfs=1&arphpl=1&group_adults=2&req_adults=2&no_rooms=1&group_children=0&req_children=0&hpos=10&hapos=10&sr_order=popularity&srpvid=33df1c15eae80044&srepoch=1787111981&from=searchresults
5,Rouen,Le Majolique Nice and Cozy Apartment,9.4,https://www.booking.com/hotel/fr/le-majolique-nice-and-cozy-apartment.html?aid=304142&label=gen173nr-10CAQoggJCFHNlYXJjaF9yb3VlbiwgZnJhbmNlSDNYBGg7iAEBmAEzuAEXyAEM2AED6AEB-AEBiAIBqAIBuAKr1JTUBsACAdICJDg4NGE0MjYzLTQzOGYtNDUzMy1iMTEzLTUzNzZlNDM5Y2I4Y9gCAeACAQ&ucfs=1&arphpl=1&group_adults=2&req_adults=2&no_rooms=1&group_children=0&req_children=0&hpos=11&hapos=11&sr_order=popularity&srpvid=33df1c15eae80044&srepoch=1787111981&from=searchresults
5,Rouen,Ibis Rouen Centre Rive Gauche Mermoz,7.7,https://www.booking.com/hotel/fr/campanile-rouen-mermoz.html?aid=304142&label=gen173nr-10CAQoggJCFHNlYXJjaF9yb3VlbiwgZnJhbmNlSDNYBGg7iAEBmAEzuAEXyAEM2AED6AEB-AEBiAIBqAIBuAKr1JTUBsACAdICJDg4NGE0MjYzLTQzOGYtNDUzMy1iMTEzLTUzNzZlNDM5Y2I4Y9gCAeACAQ&ucfs=1&arphpl=1&group_adults=2&req_adults=2&no_rooms=1&group_children=0&req_children=0&hpos=12&hapos=12&sr_order=popularity&srpvid=33df1c15eae80044&srepoch=1787111981&from=searchresults
5,Rouen,Le petit Rouen,9.5,https://www.booking.com/hotel/fr/le-petit-rouen-rouen.html?aid=304142&label=gen173nr-10CAQoggJCFHNlYXJjaF9yb3VlbiwgZnJhbmNlSDNYBGg7iAEBmAEzuAEXyAEM2AED6AEB-AEBiAIBqAIBuAKr1JTUBsACAdICJDg4NGE0MjYzLTQzOGYtNDUzMy1iMTEzLTUzNzZlNDM5Y2I4Y9gCAeACAQ&ucfs=1&arphpl=1&group_adults=2&req_adults=2&no_rooms=1&group_children=0&req_children=0&hpos=13&hapos=13&sr_order=popularity&srpvid=33df1c15eae80044&srepoch=1787111981&from=searchresults
5,Rouen,Novotel Rouen Centre Cathédrale,8.5,https://www.booking.com/hotel/fr/novotel-rouen-centre-cathedrale.html?aid=304142&label=gen173nr-10CAQoggJCFHNlYXJjaF9yb3VlbiwgZnJhbmNlSDNYBGg7iAEBmAEzuAEXyAEM2AED6AEB-AEBiAIBqAIBuAKr1JTUBsACAdICJDg4NGE0MjYzLTQzOGYtNDUzMy1iMTEzLTUzNzZlNDM5Y2I4Y9gCAeACAQ&ucfs=1&arphpl=1&group_adults=2&req_adults=2&no_rooms=1&group_children=0&req_children=0&hpos=14&hapos=14&sr_order=popularity&srpvid=33df1c15eae80044&srepoch=1787111981&from_sustainable_property_sr=1&from=searchresults
5,Rouen,Joli appart cosy tout confort avec parking gratuit,9.4,https://www.booking.com/hotel/fr/joli-appart-cosy-tout-confort-avec-parking-gratuit.html?aid=304142&label=gen173nr-10CAQoggJCFHNlYXJjaF9yb3VlbiwgZnJhbmNlSDNYBGg7iAEBmAEzuAEXyAEM2AED6AEB-AEBiAIBqAIBuAKr1JTUBsACAdICJDg4NGE0MjYzLTQzOGYtNDUzMy1iMTEzLTUzNzZlNDM5Y2I4Y9gCAeACAQ&ucfs=1&arphpl=1&group_adults=2&req_adults=2&no_rooms=1&group_children=0&req_children=0&hpos=15&hapos=15&sr_order=popularity&srpvid=33df1c15eae80044&srepoch=1787111981&from=searchresults
5,Rouen,Rouen Hyper Centre Cathédrale Hotel de ville,8.4,https://www.booking.com/hotel/fr/rouen-hyper-centre-cathedrale-de-ville.html?aid=304142&label=gen173nr-10CAQoggJCFHNlYXJjaF9yb3VlbiwgZnJhbmNlSDNYBGg7iAEBmAEzuAEXyAEM2AED6AEB-AEBiAIBqAIBuAKr1JTUBsACAdICJDg4NGE0MjYzLTQzOGYtNDUzMy1iMTEzLTUzNzZlNDM5Y2I4Y9gCAeACAQ&ucfs=1&arphpl=1&group_adults=2&req_adults=2&no_rooms=1&group_children=0&req_children=0&hpos=16&hapos=16&sr_order=popularity&srpvid=33df1c15eae80044&srepoch=1787111981&from=searchresults
5,Rouen,Mercure Rouen Centre Cathédrale,8.5,https://www.booking.com/hotel/fr/mercure-rouen-centre.html?aid=304142&label=gen173nr-10CAQoggJCFHNlYXJjaF9yb3VlbiwgZnJhbmNlSDNYBGg7iAEBmAEzuAEXyAEM2AED6AEB-AEBiAIBqAIBuAKr1JTUBsACAdICJDg4NGE0MjYzLTQzOGYtNDUzMy1iMTEzLTUzNzZlNDM5Y2I4Y9gCAeACAQ&ucfs=1&arphpl=1&group_adults=2&req_adults=2&no_rooms=1&group_children=0&req_children=0&hpos=17&hapos=17&sr_order=popularity&srpvid=33df1c15eae80044&srepoch=1787111981&from_sustainable_property_sr=1&from=searchresults
5,Rouen,KYRIAD ROUEN SUD - Sotteville les Rouen,8.0,https://www.booking.com/hotel/fr/kyriad-rouen-sud.html?aid=304142&label=gen173nr-10CAQoggJCFHNlYXJjaF9yb3VlbiwgZnJhbmNlSDNYBGg7iAEBmAEzuAEXyAEM2AED6AEB-AEBiAIBqAIBuAKr1JTUBsACAdICJDg4NGE0MjYzLTQzOGYtNDUzMy1iMTEzLTUzNzZlNDM5Y2I4Y9gCAeACAQ&ucfs=1&arphpl=1&group_adults=2&req_adults=2&no_rooms=1&group_children=0&req_children=0&hpos=18&hapos=18&sr_order=popularity&srpvid=33df1c15eae80044&srepoch=1787111981&from=searchresults
5,Rouen,Le Petit Horloge,9.3,https://www.booking.com/hotel/fr/le-petit-horloge-rouen.html?aid=304142&label=gen173nr-10CAQoggJCFHNlYXJjaF9yb3VlbiwgZnJhbmNlSDNYBGg7iAEBmAEzuAEXyAEM2AED6AEB-AEBiAIBqAIBuAKr1JTUBsACAdICJDg4NGE0MjYzLTQzOGYtNDUzMy1iMTEzLTUzNzZlNDM5Y2I4Y9gCAeACAQ&ucfs=1&arphpl=1&group_adults=2&req_adults=2&no_rooms=1&group_children=0&req_children=0&hpos=19&hapos=19&sr_order=popularity&srpvid=33df1c15eae80044&srepoch=1787111981&from=searchresults
5,Rouen,Bienvenue à LOlive votre écrin vert nature au cœur de Rouen,,https://www.booking.com/hotel/fr/bienvenue-a-lolive-votre-ecrin-vert-nature-au-coeur-de-rouen.html?aid=304142&label=gen173nr-10CAQoggJCFHNlYXJjaF9yb3VlbiwgZnJhbmNlSDNYBGg7iAEBmAEzuAEXyAEM2AED6AEB-AEBiAIBqAIBuAKr1JTUBsACAdICJDg4NGE0MjYzLTQzOGYtNDUzMy1iMTEzLTUzNzZlNDM5Y2I4Y9gCAeACAQ&ucfs=1&arphpl=1&group_adults=2&req_adults=2&no_rooms=1&group_children=0&req_children=0&hpos=20&hapos=20&sr_order=popularity&srpvid=33df1c15eae80044&srepoch=1787111981&from=searchresults
6,Paris,Hotel Trianon Rive Gauche,8.3,https://www.booking.com/hotel/fr/trianon-rive-gauche.html?aid=304142&label=gen173nr-10CAQoggJCFHNlYXJjaF9wYXJpcywgZnJhbmNlSDNYBGg7iAEBmAEzuAEXyAEM2AED6AEB-AEBiAIBqAIBuAKy1JTUBsACAdICJDQ4NGYyZWM2LWU0YzAtNDdmNy05NmMzLWM0MWFmOTM5Mzk0Y9gCAeACAQ&ucfs=1&arphpl=1&group_adults=2&req_adults=2&no_rooms=1&group_children=0&req_children=0&hpos=1&hapos=1&sr_order=popularity&srpvid=11a51c19e7e9008d&srepoch=1787111990&from_sustainable_property_sr=1&from=searchresults
6,Paris,Le Penthouse Bourdonnais L,,https://www.booking.com/hotel/fr/le-penthouse-bourdonnais-l.html?aid=304142&label=gen173nr-10CAQoggJCFHNlYXJjaF9wYXJpcywgZnJhbmNlSDNYBGg7iAEBmAEzuAEXyAEM2AED6AEB-AEBiAIBqAIBuAKy1JTUBsACAdICJDQ4NGYyZWM2LWU0YzAtNDdmNy05NmMzLWM0MWFmOTM5Mzk0Y9gCAeACAQ&ucfs=1&arphpl=1&group_adults=2&req_adults=2&no_rooms=1&group_children=0&req_children=0&hpos=2&hapos=2&sr_order=popularity&srpvid=11a51c19e7e9008d&srepoch=1787111990&from=searchresults
6,Paris,Charmant studio au cœur du 12ᵉ arrondissement,,https://www.booking.com/hotel/fr/charmant-studio-au-coeur-du-12-arrondissement.html?aid=304142&label=gen173nr-10CAQoggJCFHNlYXJjaF9wYXJpcywgZnJhbmNlSDNYBGg7iAEBmAEzuAEXyAEM2AED6AEB-AEBiAIBqAIBuAKy1JTUBsACAdICJDQ4NGYyZWM2LWU0YzAtNDdmNy05NmMzLWM0MWFmOTM5Mzk0Y9gCAeACAQ&ucfs=1&arphpl=1&group_adults=2&req_adults=2&no_rooms=1&group_children=0&req_children=0&hpos=3&hapos=3&sr_order=popularity&srpvid=11a51c19e7e9008d&srepoch=1787111990&from=searchresults
6,Paris,Sunny Bastille-Roquette Paris,8.3,https://www.booking.com/hotel/fr/sunny-bastille-roquette-paris.html?aid=304142&label=gen173nr-10CAQoggJCFHNlYXJjaF9wYXJpcywgZnJhbmNlSDNYBGg7iAEBmAEzuAEXyAEM2AED6AEB-AEBiAIBqAIBuAKy1JTUBsACAdICJDQ4NGYyZWM2LWU0YzAtNDdmNy05NmMzLWM0MWFmOTM5Mzk0Y9gCAeACAQ&ucfs=1&arphpl=1&group_adults=2&req_adults=2&no_rooms=1&group_children=0&req_children=0&hpos=4&hapos=4&sr_order=popularity&srpvid=11a51c19e7e9008d&srepoch=1787111990&from=searchresults
6,Paris,PARIS RIVOLI NOTRE DAME Chambre d'Hôtes Studio Private,8.9,https://www.booking.com/hotel/fr/paris-rivoli-notre-dame.html?aid=304142&label=gen173nr-10CAQoggJCFHNlYXJjaF9wYXJpcywgZnJhbmNlSDNYBGg7iAEBmAEzuAEXyAEM2AED6AEB-AEBiAIBqAIBuAKy1JTUBsACAdICJDQ4NGYyZWM2LWU0YzAtNDdmNy05NmMzLWM0MWFmOTM5Mzk0Y9gCAeACAQ&ucfs=1&arphpl=1&group_adults=2&req_adults=2&no_rooms=1&group_children=0&req_children=0&hpos=5&hapos=5&sr_order=popularity&srpvid=11a51c19e7e9008d&srepoch=1787111990&from=searchresults
6,Paris,Ibis Styles Paris Batignolles,8.4,https://www.booking.com/hotel/fr/mirific.html?aid=304142&label=gen173nr-10CAQoggJCFHNlYXJjaF9wYXJpcywgZnJhbmNlSDNYBGg7iAEBmAEzuAEXyAEM2AED6AEB-AEBiAIBqAIBuAKy1JTUBsACAdICJDQ4NGYyZWM2LWU0YzAtNDdmNy05NmMzLWM0MWFmOTM5Mzk0Y9gCAeACAQ&ucfs=1&arphpl=1&group_adults=2&req_adults=2&no_rooms=1&group_children=0&req_children=0&hpos=6&hapos=6&sr_order=popularity&srpvid=11a51c19e7e9008d&srepoch=1787111990&from=searchresults
6,Paris,Hilton Paris Opera,7.5,https://www.booking.com/hotel/fr/hilton-paris-opera.html?aid=304142&label=gen173nr-10CAQoggJCFHNlYXJjaF9wYXJpcywgZnJhbmNlSDNYBGg7iAEBmAEzuAEXyAEM2AED6AEB-AEBiAIBqAIBuAKy1JTUBsACAdICJDQ4NGYyZWM2LWU0YzAtNDdmNy05NmMzLWM0MWFmOTM5Mzk0Y9gCAeACAQ&ucfs=1&arphpl=1&group_adults=2&req_adults=2&no_rooms=1&group_children=0&req_children=0&hpos=7&hapos=7&sr_order=popularity&srpvid=11a51c19e7e9008d&srepoch=1787111990&from_sustainable_property_sr=1&from=searchresults
6,Paris,Studio cosy Disney - Paris parking privé,,https://www.booking.com/hotel/fr/studio-cosy-disney-paris-parking-prive.html?aid=304142&label=gen173nr-10CAQoggJCFHNlYXJjaF9wYXJpcywgZnJhbmNlSDNYBGg7iAEBmAEzuAEXyAEM2AED6AEB-AEBiAIBqAIBuAKy1JTUBsACAdICJDQ4NGYyZWM2LWU0YzAtNDdmNy05NmMzLWM0MWFmOTM5Mzk0Y9gCAeACAQ&ucfs=1&arphpl=1&group_adults=2&req_adults=2&no_rooms=1&group_children=0&req_children=0&hpos=8&hapos=8&sr_order=popularity&srpvid=11a51c19e7e9008d&srepoch=1787111990&from=searchresults
6,Paris,"JOIVY Premium flats in the heart of the 9th arr, near Moulin Rouge",9.0,https://www.booking.com/hotel/fr/altido-pleasant-1-bed-flat-with-shared-courtyard.html?aid=304142&label=gen173nr-10CAQoggJCFHNlYXJjaF9wYXJpcywgZnJhbmNlSDNYBGg7iAEBmAEzuAEXyAEM2AED6AEB-AEBiAIBqAIBuAKy1JTUBsACAdICJDQ4NGYyZWM2LWU0YzAtNDdmNy05NmMzLWM0MWFmOTM5Mzk0Y9gCAeACAQ&ucfs=1&arphpl=1&group_adults=2&req_adults=2&no_rooms=1&group_children=0&req_children=0&hpos=9&hapos=9&sr_order=popularity&srpvid=11a51c19e7e9008d&srepoch=1787111990&from=searchresults
6,Paris,Cozy studio in the heart of Paris,,https://www.booking.com/hotel/fr/cozy-studio-in-the-heart-of-paris-paris8.html?aid=304142&label=gen173nr-10CAQoggJCFHNlYXJjaF9wYXJpcywgZnJhbmNlSDNYBGg7iAEBmAEzuAEXyAEM2AED6AEB-AEBiAIBqAIBuAKy1JTUBsACAdICJDQ4NGYyZWM2LWU0YzAtNDdmNy05NmMzLWM0MWFmOTM5Mzk0Y9gCAeACAQ&ucfs=1&arphpl=1&group_adults=2&req_adults=2&no_rooms=1&group_children=0&req_children=0&hpos=10&hapos=10&sr_order=popularity&srpvid=11a51c19e7e9008d&srepoch=1787111990&from=searchresults
6,Paris,Le Charme Alsacien,9.2,https://www.booking.com/hotel/fr/le-charme-alsacien.html?aid=304142&label=gen173nr-10CAQoggJCFHNlYXJjaF9wYXJpcywgZnJhbmNlSDNYBGg7iAEBmAEzuAEXyAEM2AED6AEB-AEBiAIBqAIBuAKy1JTUBsACAdICJDQ4NGYyZWM2LWU0YzAtNDdmNy05NmMzLWM0MWFmOTM5Mzk0Y9gCAeACAQ&ucfs=1&arphpl=1&group_adults=2&req_adults=2&no_rooms=1&group_children=0&req_children=0&hpos=11&hapos=11&sr_order=popularity&srpvid=11a51c19e7e9008d&srepoch=1787111990&from=searchresults
6,Paris,BnBNova - 1BR - Canal Saint - Martin,,https://www.booking.com/hotel/fr/cozy-1br-by-canal-saint-martin-central-paris-paris1.html?aid=304142&label=gen173nr-10CAQoggJCFHNlYXJjaF9wYXJpcywgZnJhbmNlSDNYBGg7iAEBmAEzuAEXyAEM2AED6AEB-AEBiAIBqAIBuAKy1JTUBsACAdICJDQ4NGYyZWM2LWU0YzAtNDdmNy05NmMzLWM0MWFmOTM5Mzk0Y9gCAeACAQ&ucfs=1&arphpl=1&group_adults=2&req_adults=2&no_rooms=1&group_children=0&req_children=0&hpos=12&hapos=12&sr_order=popularity&srpvid=11a51c19e7e9008d&srepoch=1787111990&from=searchresults
6,Paris,Balcony Eiffel Tower View Newly Refurbished Apt,,https://www.booking.com/hotel/fr/balcony-eiffel-tower-view-newly-refurbished-apt.html?aid=304142&label=gen173nr-10CAQoggJCFHNlYXJjaF9wYXJpcywgZnJhbmNlSDNYBGg7iAEBmAEzuAEXyAEM2AED6AEB-AEBiAIBqAIBuAKy1JTUBsACAdICJDQ4NGYyZWM2LWU0YzAtNDdmNy05NmMzLWM0MWFmOTM5Mzk0Y9gCAeACAQ&ucfs=1&arphpl=1&group_adults=2&req_adults=2&no_rooms=1&group_children=0&req_children=0&hpos=13&hapos=13&sr_order=popularity&srpvid=11a51c19e7e9008d&srepoch=1787111990&from=searchresults
6,Paris,Mercure Tour Eiffel Grenelle,8.2,https://www.booking.com/hotel/fr/toureiffelparis.html?aid=304142&label=gen173nr-10CAQoggJCFHNlYXJjaF9wYXJpcywgZnJhbmNlSDNYBGg7iAEBmAEzuAEXyAEM2AED6AEB-AEBiAIBqAIBuAKy1JTUBsACAdICJDQ4NGYyZWM2LWU0YzAtNDdmNy05NmMzLWM0MWFmOTM5Mzk0Y9gCAeACAQ&ucfs=1&arphpl=1&group_adults=2&req_adults=2&no_rooms=1&group_children=0&req_children=0&hpos=14&hapos=14&sr_order=popularity&srpvid=11a51c19e7e9008d&srepoch=1787111990&from_sustainable_property_sr=1&from=searchresults
6,Paris,Hotel Cluny Square,8.4,https://www.booking.com/hotel/fr/clunysquareparis.html?aid=304142&label=gen173nr-10CAQoggJCFHNlYXJjaF9wYXJpcywgZnJhbmNlSDNYBGg7iAEBmAEzuAEXyAEM2AED6AEB-AEBiAIBqAIBuAKy1JTUBsACAdICJDQ4NGYyZWM2LWU0YzAtNDdmNy05NmMzLWM0MWFmOTM5Mzk0Y9gCAeACAQ&ucfs=1&arphpl=1&group_adults=2&req_adults=2&no_rooms=1&group_children=0&req_children=0&hpos=15&hapos=15&sr_order=popularity&srpvid=11a51c19e7e9008d&srepoch=1787111990&from=searchresults
6,Paris,Studio moderne & calme idéal pour mobilité et télétravail,,https://www.booking.com/hotel/fr/studio-moderne-amp-calme-ideal-pour-mobilite-et-teletravail.html?aid=304142&label=gen173nr-10CAQoggJCFHNlYXJjaF9wYXJpcywgZnJhbmNlSDNYBGg7iAEBmAEzuAEXyAEM2AED6AEB-AEBiAIBqAIBuAKy1JTUBsACAdICJDQ4NGYyZWM2LWU0YzAtNDdmNy05NmMzLWM0MWFmOTM5Mzk0Y9gCAeACAQ&ucfs=1&arphpl=1&group_adults=2&req_adults=2&no_rooms=1&group_children=0&req_children=0&hpos=16&hapos=16&sr_order=popularity&srpvid=11a51c19e7e9008d&srepoch=1787111990&from=searchresults
6,Paris,Hôtel Botaniste,8.6,https://www.booking.com/hotel/fr/botaniste.html?aid=304142&label=gen173nr-10CAQoggJCFHNlYXJjaF9wYXJpcywgZnJhbmNlSDNYBGg7iAEBmAEzuAEXyAEM2AED6AEB-AEBiAIBqAIBuAKy1JTUBsACAdICJDQ4NGYyZWM2LWU0YzAtNDdmNy05NmMzLWM0MWFmOTM5Mzk0Y9gCAeACAQ&ucfs=1&arphpl=1&group_adults=2&req_adults=2&no_rooms=1&group_children=0&req_children=0&hpos=17&hapos=17&sr_order=popularity&srpvid=11a51c19e7e9008d&srepoch=1787111990&from=searchresults
6,Paris,Top Floor Parisian Gem Views & Balcony,9.1,https://www.booking.com/hotel/fr/top-floor-parisian-gem-views-balcony.html?aid=304142&label=gen173nr-10CAQoggJCFHNlYXJjaF9wYXJpcywgZnJhbmNlSDNYBGg7iAEBmAEzuAEXyAEM2AED6AEB-AEBiAIBqAIBuAKy1JTUBsACAdICJDQ4NGYyZWM2LWU0YzAtNDdmNy05NmMzLWM0MWFmOTM5Mzk0Y9gCAeACAQ&ucfs=1&arphpl=1&group_adults=2&req_adults=2&no_rooms=1&group_children=0&req_children=0&hpos=18&hapos=18&sr_order=popularity&srpvid=11a51c19e7e9008d&srepoch=1787111990&from=searchresults
6,Paris,Hilton Garden Inn Paris La Villette,8.4,https://www.booking.com/hotel/fr/hilton-garden-inn-paris-la-villette.html?aid=304142&label=gen173nr-10CAQoggJCFHNlYXJjaF9wYXJpcywgZnJhbmNlSDNYBGg7iAEBmAEzuAEXyAEM2AED6AEB-AEBiAIBqAIBuAKy1JTUBsACAdICJDQ4NGYyZWM2LWU0YzAtNDdmNy05NmMzLWM0MWFmOTM5Mzk0Y9gCAeACAQ&ucfs=1&arphpl=1&group_adults=2&req_adults=2&no_rooms=1&group_children=0&req_children=0&hpos=19&hapos=19&sr_order=popularity&srpvid=11a51c19e7e9008d&srepoch=1787111990&from_sustainable_property_sr=1&from=searchresults
6,Paris,Hotel Abbatial Saint Germain,8.8,https://www.booking.com/hotel/fr/abbatial-st-germain.html?aid=304142&label=gen173nr-10CAQoggJCFHNlYXJjaF9wYXJpcywgZnJhbmNlSDNYBGg7iAEBmAEzuAEXyAEM2AED6AEB-AEBiAIBqAIBuAKy1JTUBsACAdICJDQ4NGYyZWM2LWU0YzAtNDdmNy05NmMzLWM0MWFmOTM5Mzk0Y9gCAeACAQ&ucfs=1&arphpl=1&group_adults=2&req_adults=2&no_rooms=1&group_children=0&req_children=0&hpos=20&hapos=20&sr_order=popularity&srpvid=11a51c19e7e9008d&srepoch=1787111990&from=searchresults
35,La Rochelle,ibis budget La Rochelle Centre les Minimes,7.7,https://www.booking.com/hotel/fr/premia-re-classe-la-rochelle-centre-les-minimes.html?aid=304142&label=gen173nr-10CAQoggJCGnNlYXJjaF9sYSByb2NoZWxsZSwgZnJhbmNlSDNYBGg7iAEBmAEzuAEXyAEM2AED6AEB-AEBiAIBqAIBuAK81JTUBsACAdICJGMxZWJmMGI4LTg1M2MtNGU1Mi04ZTY4LTcxNDQ3MWJhOTU0N9gCAeACAQ&ucfs=1&arphpl=1&group_adults=2&req_adults=2&no_rooms=1&group_children=0&req_children=0&hpos=1&hapos=1&sr_order=popularity&srpvid=89ab1c1e78d0027b&srepoch=1787111999&from=searchresults
35,La Rochelle,Sweetly La Rochelle,8.6,https://www.booking.com/hotel/fr/sweetly-la-rochelle.html?aid=304142&label=gen173nr-10CAQoggJCGnNlYXJjaF9sYSByb2NoZWxsZSwgZnJhbmNlSDNYBGg7iAEBmAEzuAEXyAEM2AED6AEB-AEBiAIBqAIBuAK81JTUBsACAdICJGMxZWJmMGI4LTg1M2MtNGU1Mi04ZTY4LTcxNDQ3MWJhOTU0N9gCAeACAQ&ucfs=1&arphpl=1&group_adults=2&req_adults=2&no_rooms=1&group_children=0&req_children=0&hpos=2&hapos=2&sr_order=popularity&srpvid=89ab1c1e78d0027b&srepoch=1787111999&from=searchresults
35,La Rochelle,B&B HOTEL La Rochelle Centre 3 étoiles,8.2,https://www.booking.com/hotel/fr/b-amp-b-la-rochelle-centre.html?aid=304142&label=gen173nr-10CAQoggJCGnNlYXJjaF9sYSByb2NoZWxsZSwgZnJhbmNlSDNYBGg7iAEBmAEzuAEXyAEM2AED6AEB-AEBiAIBqAIBuAK81JTUBsACAdICJGMxZWJmMGI4LTg1M2MtNGU1Mi04ZTY4LTcxNDQ3MWJhOTU0N9gCAeACAQ&ucfs=1&arphpl=1&group_adults=2&req_adults=2&no_rooms=1&group_children=0&req_children=0&hpos=3&hapos=3&sr_order=popularity&srpvid=89ab1c1e78d0027b&srepoch=1787111999&from_sustainable_property_sr=1&from=searchresults
35,La Rochelle,Auberge de Jeunesse,8.0,https://www.booking.com/hotel/fr/auberge-de-jeunesse-la-rochelle.html?aid=304142&label=gen173nr-10CAQoggJCGnNlYXJjaF9sYSByb2NoZWxsZSwgZnJhbmNlSDNYBGg7iAEBmAEzuAEXyAEM2AED6AEB-AEBiAIBqAIBuAK81JTUBsACAdICJGMxZWJmMGI4LTg1M2MtNGU1Mi04ZTY4LTcxNDQ3MWJhOTU0N9gCAeACAQ&ucfs=1&arphpl=1&group_adults=2&req_adults=2&no_rooms=1&group_children=0&req_children=0&hpos=4&hapos=4&sr_order=popularity&srpvid=89ab1c1e78d0027b&srepoch=1787111999&from=searchresults
35,La Rochelle,Pleasant studio in La Rochelle,,https://www.booking.com/hotel/fr/pleasant-studio-in-voisins-le-bretonneux.html?aid=304142&label=gen173nr-10CAQoggJCGnNlYXJjaF9sYSByb2NoZWxsZSwgZnJhbmNlSDNYBGg7iAEBmAEzuAEXyAEM2AED6AEB-AEBiAIBqAIBuAK81JTUBsACAdICJGMxZWJmMGI4LTg1M2MtNGU1Mi04ZTY4LTcxNDQ3MWJhOTU0N9gCAeACAQ&ucfs=1&arphpl=1&group_adults=2&req_adults=2&no_rooms=1&group_children=0&req_children=0&hpos=5&hapos=5&sr_order=popularity&srpvid=89ab1c1e78d0027b&srepoch=1787111999&from=searchresults
35,La Rochelle,ibis Budget La Rochelle Centre gare,8.3,https://www.booking.com/hotel/fr/ibis-budget-la-rochelle-centre-la-rochelle.html?aid=304142&label=gen173nr-10CAQoggJCGnNlYXJjaF9sYSByb2NoZWxsZSwgZnJhbmNlSDNYBGg7iAEBmAEzuAEXyAEM2AED6AEB-AEBiAIBqAIBuAK81JTUBsACAdICJGMxZWJmMGI4LTg1M2MtNGU1Mi04ZTY4LTcxNDQ3MWJhOTU0N9gCAeACAQ&ucfs=1&arphpl=1&group_adults=2&req_adults=2&no_rooms=1&group_children=0&req_children=0&hpos=6&hapos=6&sr_order=popularity&srpvid=89ab1c1e78d0027b&srepoch=1787111999&from=searchresults
35,La Rochelle,B&B HOTEL La Rochelle Centre Les Minimes,8.1,https://www.booking.com/hotel/fr/altica-la-rochelle.html?aid=304142&label=gen173nr-10CAQoggJCGnNlYXJjaF9sYSByb2NoZWxsZSwgZnJhbmNlSDNYBGg7iAEBmAEzuAEXyAEM2AED6AEB-AEBiAIBqAIBuAK81JTUBsACAdICJGMxZWJmMGI4LTg1M2MtNGU1Mi04ZTY4LTcxNDQ3MWJhOTU0N9gCAeACAQ&ucfs=1&arphpl=1&group_adults=2&req_adults=2&no_rooms=1&group_children=0&req_children=0&hpos=7&hapos=7&sr_order=popularity&srpvid=89ab1c1e78d0027b&srepoch=1787111999&from_sustainable_property_sr=1&from=searchresults
35,La Rochelle,Mercure La Rochelle Vieux Port,8.9,https://www.booking.com/hotel/fr/la-rochelle-vieux-port-sud.html?aid=304142&label=gen173nr-10CAQoggJCGnNlYXJjaF9sYSByb2NoZWxsZSwgZnJhbmNlSDNYBGg7iAEBmAEzuAEXyAEM2AED6AEB-AEBiAIBqAIBuAK81JTUBsACAdICJGMxZWJmMGI4LTg1M2MtNGU1Mi04ZTY4LTcxNDQ3MWJhOTU0N9gCAeACAQ&ucfs=1&arphpl=1&group_adults=2&req_adults=2&no_rooms=1&group_children=0&req_children=0&hpos=8&hapos=8&sr_order=popularity&srpvid=89ab1c1e78d0027b&srepoch=1787111999&from_sustainable_property_sr=1&from=searchresults
35,La Rochelle,ibis Styles La Rochelle Centre Vieux Port,8.3,https://www.booking.com/hotel/fr/ibis-la-rochelle-centre.html?aid=304142&label=gen173nr-10CAQoggJCGnNlYXJjaF9sYSByb2NoZWxsZSwgZnJhbmNlSDNYBGg7iAEBmAEzuAEXyAEM2AED6AEB-AEBiAIBqAIBuAK81JTUBsACAdICJGMxZWJmMGI4LTg1M2MtNGU1Mi04ZTY4LTcxNDQ3MWJhOTU0N9gCAeACAQ&ucfs=1&arphpl=1&group_adults=2&req_adults=2&no_rooms=1&group_children=0&req_children=0&hpos=9&hapos=9&sr_order=popularity&srpvid=89ab1c1e78d0027b&srepoch=1787111999&from=searchresults
35,La Rochelle,Novotel La Rochelle Centre,8.4,https://www.booking.com/hotel/fr/la-rochelle-centre.html?aid=304142&label=gen173nr-10CAQoggJCGnNlYXJjaF9sYSByb2NoZWxsZSwgZnJhbmNlSDNYBGg7iAEBmAEzuAEXyAEM2AED6AEB-AEBiAIBqAIBuAK81JTUBsACAdICJGMxZWJmMGI4LTg1M2MtNGU1Mi04ZTY4LTcxNDQ3MWJhOTU0N9gCAeACAQ&ucfs=1&arphpl=1&group_adults=2&req_adults=2&no_rooms=1&group_children=0&req_children=0&hpos=10&hapos=10&sr_order=popularity&srpvid=89ab1c1e78d0027b&srepoch=1787111999&from_sustainable_property_sr=1&from=searchresults
35,La Rochelle,VILLA AU COEUR DE LA ROCHELLE - 10min du Centre-ville et de la gare - Piscine - 4 chambres 8 personnes,,https://www.booking.com/hotel/fr/villa-au-coeur-de-la-rochelle-10min-du-centre-ville-et-de-la-gare-piscine-4-cham.html?aid=304142&label=gen173nr-10CAQoggJCGnNlYXJjaF9sYSByb2NoZWxsZSwgZnJhbmNlSDNYBGg7iAEBmAEzuAEXyAEM2AED6AEB-AEBiAIBqAIBuAK81JTUBsACAdICJGMxZWJmMGI4LTg1M2MtNGU1Mi04ZTY4LTcxNDQ3MWJhOTU0N9gCAeACAQ&ucfs=1&arphpl=1&group_adults=2&req_adults=2&no_rooms=1&group_children=0&req_children=0&hpos=11&hapos=11&sr_order=popularity&srpvid=89ab1c1e78d0027b&srepoch=1787111999&from=searchresults
35,La Rochelle,ibis Styles La Rochelle Centre les Minimes,8.5,https://www.booking.com/hotel/fr/kyriad-la-rochelle-centre-les-minimes-xml.html?aid=304142&label=gen173nr-10CAQoggJCGnNlYXJjaF9sYSByb2NoZWxsZSwgZnJhbmNlSDNYBGg7iAEBmAEzuAEXyAEM2AED6AEB-AEBiAIBqAIBuAK81JTUBsACAdICJGMxZWJmMGI4LTg1M2MtNGU1Mi04ZTY4LTcxNDQ3MWJhOTU0N9gCAeACAQ&ucfs=1&arphpl=1&group_adults=2&req_adults=2&no_rooms=1&group_children=0&req_children=0&hpos=12&hapos=12&sr_order=popularity&srpvid=89ab1c1e78d0027b&srepoch=1787111999&from=searchresults
35,La Rochelle,Appart'City Classic La Rochelle Centre,7.6,https://www.booking.com/hotel/fr/appart-city-cap-affaires-la-rochelle.html?aid=304142&label=gen173nr-10CAQoggJCGnNlYXJjaF9sYSByb2NoZWxsZSwgZnJhbmNlSDNYBGg7iAEBmAEzuAEXyAEM2AED6AEB-AEBiAIBqAIBuAK81JTUBsACAdICJGMxZWJmMGI4LTg1M2MtNGU1Mi04ZTY4LTcxNDQ3MWJhOTU0N9gCAeACAQ&ucfs=1&arphpl=1&group_adults=2&req_adults=2&no_rooms=1&group_children=0&req_children=0&hpos=13&hapos=13&sr_order=popularity&srpvid=89ab1c1e78d0027b&srepoch=1787111999&from_sustainable_property_sr=1&from=searchresults
35,La Rochelle,Résidence Pierre & Vacances Centre,7.9,https://www.booking.com/hotel/fr/pierre-vacances-centre.html?aid=304142&label=gen173nr-10CAQoggJCGnNlYXJjaF9sYSByb2NoZWxsZSwgZnJhbmNlSDNYBGg7iAEBmAEzuAEXyAEM2AED6AEB-AEBiAIBqAIBuAK81JTUBsACAdICJGMxZWJmMGI4LTg1M2MtNGU1Mi04ZTY4LTcxNDQ3MWJhOTU0N9gCAeACAQ&ucfs=1&arphpl=1&group_adults=2&req_adults=2&no_rooms=1&group_children=0&req_children=0&hpos=14&hapos=14&sr_order=popularity&srpvid=89ab1c1e78d0027b&srepoch=1787111999&from_sustainable_property_sr=1&from=searchresults
35,La Rochelle,L'Escale Marine - Couette et Café,9.0,https://www.booking.com/hotel/fr/couette-et-cafe.html?aid=304142&label=gen173nr-10CAQoggJCGnNlYXJjaF9sYSByb2NoZWxsZSwgZnJhbmNlSDNYBGg7iAEBmAEzuAEXyAEM2AED6AEB-AEBiAIBqAIBuAK81JTUBsACAdICJGMxZWJmMGI4LTg1M2MtNGU1Mi04ZTY4LTcxNDQ3MWJhOTU0N9gCAeACAQ&ucfs=1&arphpl=1&group_adults=2&req_adults=2&no_rooms=1&group_children=0&req_children=0&hpos=15&hapos=15&sr_order=popularity&srpvid=89ab1c1e78d0027b&srepoch=1787111999&from=searchresults
35,La Rochelle,Hôtel Kyriad La Rochelle Centre Ville,8.5,https://www.booking.com/hotel/fr/kyriad-la-rochelle-centre.html?aid=304142&label=gen173nr-10CAQoggJCGnNlYXJjaF9sYSByb2NoZWxsZSwgZnJhbmNlSDNYBGg7iAEBmAEzuAEXyAEM2AED6AEB-AEBiAIBqAIBuAK81JTUBsACAdICJGMxZWJmMGI4LTg1M2MtNGU1Mi04ZTY4LTcxNDQ3MWJhOTU0N9gCAeACAQ&ucfs=1&arphpl=1&group_adults=2&req_adults=2&no_rooms=1&group_children=0&req_children=0&hpos=16&hapos=16&sr_order=popularity&srpvid=89ab1c1e78d0027b&srepoch=1787111999&from=searchresults
35,La Rochelle,Chez Alma,8.8,https://www.booking.com/hotel/fr/chez-alma.html?aid=304142&label=gen173nr-10CAQoggJCGnNlYXJjaF9sYSByb2NoZWxsZSwgZnJhbmNlSDNYBGg7iAEBmAEzuAEXyAEM2AED6AEB-AEBiAIBqAIBuAK81JTUBsACAdICJGMxZWJmMGI4LTg1M2MtNGU1Mi04ZTY4LTcxNDQ3MWJhOTU0N9gCAeACAQ&ucfs=1&arphpl=1&group_adults=2&req_adults=2&no_rooms=1&group_children=0&req_children=0&hpos=17&hapos=17&sr_order=popularity&srpvid=89ab1c1e78d0027b&srepoch=1787111999&from=searchresults
35,La Rochelle,Résidence avec Piscine face au port 200m plage,8.0,https://www.booking.com/hotel/fr/residence-du-port.html?aid=304142&label=gen173nr-10CAQoggJCGnNlYXJjaF9sYSByb2NoZWxsZSwgZnJhbmNlSDNYBGg7iAEBmAEzuAEXyAEM2AED6AEB-AEBiAIBqAIBuAK81JTUBsACAdICJGMxZWJmMGI4LTg1M2MtNGU1Mi04ZTY4LTcxNDQ3MWJhOTU0N9gCAeACAQ&ucfs=1&arphpl=1&group_adults=2&req_adults=2&no_rooms=1&group_children=0&req_children=0&hpos=18&hapos=18&sr_order=popularity&srpvid=89ab1c1e78d0027b&srepoch=1787111999&from=searchresults
35,La Rochelle,Location LA REBELLE - LA ROCHELLE B,8.9,https://www.booking.com/hotel/fr/location-la-rebelle-la-rochelle-b.html?aid=304142&label=gen173nr-10CAQoggJCGnNlYXJjaF9sYSByb2NoZWxsZSwgZnJhbmNlSDNYBGg7iAEBmAEzuAEXyAEM2AED6AEB-AEBiAIBqAIBuAK81JTUBsACAdICJGMxZWJmMGI4LTg1M2MtNGU1Mi04ZTY4LTcxNDQ3MWJhOTU0N9gCAeACAQ&ucfs=1&arphpl=1&group_adults=2&req_adults=2&no_rooms=1&group_children=0&req_children=0&hpos=19&hapos=19&sr_order=popularity&srpvid=89ab1c1e78d0027b&srepoch=1787111999&from=searchresults
35,La Rochelle,Maisons du Monde Hôtel & Suites - La Rochelle Vieux Port,8.6,https://www.booking.com/hotel/fr/inter-saint-jean-d-acre.html?aid=304142&label=gen173nr-10CAQoggJCGnNlYXJjaF9sYSByb2NoZWxsZSwgZnJhbmNlSDNYBGg7iAEBmAEzuAEXyAEM2AED6AEB-AEBiAIBqAIBuAK81JTUBsACAdICJGMxZWJmMGI4LTg1M2MtNGU1Mi04ZTY4LTcxNDQ3MWJhOTU0N9gCAeACAQ&ucfs=1&arphpl=1&group_adults=2&req_adults=2&no_rooms=1&group_children=0&req_children=0&hpos=20&hapos=20&sr_order=popularity&srpvid=89ab1c1e78d0027b&srepoch=1787111999&from_sustainable_property_sr=1&from=searchresults
7,Amiens,Ibis Budget Amiens Centre Gare,8.3,https://www.booking.com/hotel/fr/ibis-budget-amiens-centre-gare.html?aid=304142&label=gen173nr-10CAQoggJCFXNlYXJjaF9hbWllbnMsIGZyYW5jZUgzWARoO4gBAZgBM7gBF8gBDNgBA-gBAfgBAYgCAagCAbgCxdSU1AbAAgHSAiRlMTFhYzFkOS1hMzJkLTQ1ZGMtOTAzYi0xMTc2MzBjNmMwNTHYAgHgAgE&ucfs=1&arphpl=1&group_adults=2&req_adults=2&no_rooms=1&group_children=0&req_children=0&hpos=1&hapos=1&sr_order=popularity&srpvid=0e961c227fc206d7&srepoch=1787112007&from_sustainable_property_sr=1&from=searchresults
7,Amiens,ibis Styles Amiens Sud,8.5,https://www.booking.com/hotel/fr/the-originals-boutique-amiens-sud-chu-amiens.html?aid=304142&label=gen173nr-10CAQoggJCFXNlYXJjaF9hbWllbnMsIGZyYW5jZUgzWARoO4gBAZgBM7gBF8gBDNgBA-gBAfgBAYgCAagCAbgCxdSU1AbAAgHSAiRlMTFhYzFkOS1hMzJkLTQ1ZGMtOTAzYi0xMTc2MzBjNmMwNTHYAgHgAgE&ucfs=1&arphpl=1&group_adults=2&req_adults=2&no_rooms=1&group_children=0&req_children=0&hpos=2&hapos=2&sr_order=popularity&srpvid=0e961c227fc206d7&srepoch=1787112007&from=searchresults
7,Amiens,Ginkgo Maison d'hôtes,9.3,https://www.booking.com/hotel/fr/ginkgo-maison-d-39-hotes.html?aid=304142&label=gen173nr-10CAQoggJCFXNlYXJjaF9hbWllbnMsIGZyYW5jZUgzWARoO4gBAZgBM7gBF8gBDNgBA-gBAfgBAYgCAagCAbgCxdSU1AbAAgHSAiRlMTFhYzFkOS1hMzJkLTQ1ZGMtOTAzYi0xMTc2MzBjNmMwNTHYAgHgAgE&ucfs=1&arphpl=1&group_adults=2&req_adults=2&no_rooms=1&group_children=0&req_children=0&hpos=3&hapos=3&sr_order=popularity&srpvid=0e961c227fc206d7&srepoch=1787112007&from=searchresults
7,Amiens,Holiday Inn Express Amiens by IHG,7.9,https://www.booking.com/hotel/fr/express-by-holiday-inn.html?aid=304142&label=gen173nr-10CAQoggJCFXNlYXJjaF9hbWllbnMsIGZyYW5jZUgzWARoO4gBAZgBM7gBF8gBDNgBA-gBAfgBAYgCAagCAbgCxdSU1AbAAgHSAiRlMTFhYzFkOS1hMzJkLTQ1ZGMtOTAzYi0xMTc2MzBjNmMwNTHYAgHgAgE&ucfs=1&arphpl=1&group_adults=2&req_adults=2&no_rooms=1&group_children=0&req_children=0&hpos=4&hapos=4&sr_order=popularity&srpvid=0e961c227fc206d7&srepoch=1787112007&from_sustainable_property_sr=1&from=searchresults
7,Amiens,Première Classe Amiens,6.5,https://www.booking.com/hotel/fr/premia-re-classe-amiens.html?aid=304142&label=gen173nr-10CAQoggJCFXNlYXJjaF9hbWllbnMsIGZyYW5jZUgzWARoO4gBAZgBM7gBF8gBDNgBA-gBAfgBAYgCAagCAbgCxdSU1AbAAgHSAiRlMTFhYzFkOS1hMzJkLTQ1ZGMtOTAzYi0xMTc2MzBjNmMwNTHYAgHgAgE&ucfs=1&arphpl=1&group_adults=2&req_adults=2&no_rooms=1&group_children=0&req_children=0&hpos=5&hapos=5&sr_order=popularity&srpvid=0e961c227fc206d7&srepoch=1787112007&from=searchresults
7,Amiens,ibis Styles Amiens Centre,8.5,https://www.booking.com/hotel/fr/ibis-styles-amiens-centre.html?aid=304142&label=gen173nr-10CAQoggJCFXNlYXJjaF9hbWllbnMsIGZyYW5jZUgzWARoO4gBAZgBM7gBF8gBDNgBA-gBAfgBAYgCAagCAbgCxdSU1AbAAgHSAiRlMTFhYzFkOS1hMzJkLTQ1ZGMtOTAzYi0xMTc2MzBjNmMwNTHYAgHgAgE&ucfs=1&arphpl=1&group_adults=2&req_adults=2&no_rooms=1&group_children=0&req_children=0&hpos=6&hapos=6&sr_order=popularity&srpvid=0e961c227fc206d7&srepoch=1787112007&from_sustainable_property_sr=1&from=searchresults
7,Amiens,Mercure Amiens Cathédrale,8.3,https://www.booking.com/hotel/fr/mercure-amiens-cathdrale.html?aid=304142&label=gen173nr-10CAQoggJCFXNlYXJjaF9hbWllbnMsIGZyYW5jZUgzWARoO4gBAZgBM7gBF8gBDNgBA-gBAfgBAYgCAagCAbgCxdSU1AbAAgHSAiRlMTFhYzFkOS1hMzJkLTQ1ZGMtOTAzYi0xMTc2MzBjNmMwNTHYAgHgAgE&ucfs=1&arphpl=1&group_adults=2&req_adults=2&no_rooms=1&group_children=0&req_children=0&hpos=7&hapos=7&sr_order=popularity&srpvid=0e961c227fc206d7&srepoch=1787112007&from_sustainable_property_sr=1&from=searchresults
7,Amiens,Maison Famille-Confort-Terrasse Jardin-Vue Cathédrale,8.6,https://www.booking.com/hotel/fr/maison-famille-47-teletravail-47-belle-vue-direct-paris.html?aid=304142&label=gen173nr-10CAQoggJCFXNlYXJjaF9hbWllbnMsIGZyYW5jZUgzWARoO4gBAZgBM7gBF8gBDNgBA-gBAfgBAYgCAagCAbgCxdSU1AbAAgHSAiRlMTFhYzFkOS1hMzJkLTQ1ZGMtOTAzYi0xMTc2MzBjNmMwNTHYAgHgAgE&ucfs=1&arphpl=1&group_adults=2&req_adults=2&no_rooms=1&group_children=0&req_children=0&hpos=8&hapos=8&sr_order=popularity&srpvid=0e961c227fc206d7&srepoch=1787112007&from=searchresults
7,Amiens,Comfort Hotel Amiens Nord,7.3,https://www.booking.com/hotel/fr/kyriad-amiens-nord-xml.html?aid=304142&label=gen173nr-10CAQoggJCFXNlYXJjaF9hbWllbnMsIGZyYW5jZUgzWARoO4gBAZgBM7gBF8gBDNgBA-gBAfgBAYgCAagCAbgCxdSU1AbAAgHSAiRlMTFhYzFkOS1hMzJkLTQ1ZGMtOTAzYi0xMTc2MzBjNmMwNTHYAgHgAgE&ucfs=1&arphpl=1&group_adults=2&req_adults=2&no_rooms=1&group_children=0&req_children=0&hpos=9&hapos=9&sr_order=popularity&srpvid=0e961c227fc206d7&srepoch=1787112007&from_sustainable_property_sr=1&from=searchresults
7,Amiens,Appart'City Confort Amiens Gare,7.8,https://www.booking.com/hotel/fr/appart-city-amiens.html?aid=304142&label=gen173nr-10CAQoggJCFXNlYXJjaF9hbWllbnMsIGZyYW5jZUgzWARoO4gBAZgBM7gBF8gBDNgBA-gBAfgBAYgCAagCAbgCxdSU1AbAAgHSAiRlMTFhYzFkOS1hMzJkLTQ1ZGMtOTAzYi0xMTc2MzBjNmMwNTHYAgHgAgE&ucfs=1&arphpl=1&group_adults=2&req_adults=2&no_rooms=1&group_children=0&req_children=0&hpos=10&hapos=10&sr_order=popularity&srpvid=0e961c227fc206d7&srepoch=1787112007&from_sustainable_property_sr=1&from=searchresults
7,Amiens,Appt au pied de la cathédrale-parking dans la cour,9.2,https://www.booking.com/hotel/fr/appt-au-pied-de-la-cathedrale-parking-dans-la-cour.html?aid=304142&label=gen173nr-10CAQoggJCFXNlYXJjaF9hbWllbnMsIGZyYW5jZUgzWARoO4gBAZgBM7gBF8gBDNgBA-gBAfgBAYgCAagCAbgCxdSU1AbAAgHSAiRlMTFhYzFkOS1hMzJkLTQ1ZGMtOTAzYi0xMTc2MzBjNmMwNTHYAgHgAgE&ucfs=1&arphpl=1&group_adults=2&req_adults=2&no_rooms=1&group_children=0&req_children=0&hpos=11&hapos=11&sr_order=popularity&srpvid=0e961c227fc206d7&srepoch=1787112007&from=searchresults
7,Amiens,Moxy Amiens,8.4,https://www.booking.com/hotel/fr/campanile-amiens-centre-gare.html?aid=304142&label=gen173nr-10CAQoggJCFXNlYXJjaF9hbWllbnMsIGZyYW5jZUgzWARoO4gBAZgBM7gBF8gBDNgBA-gBAfgBAYgCAagCAbgCxdSU1AbAAgHSAiRlMTFhYzFkOS1hMzJkLTQ1ZGMtOTAzYi0xMTc2MzBjNmMwNTHYAgHgAgE&ucfs=1&arphpl=1&group_adults=2&req_adults=2&no_rooms=1&group_children=0&req_children=0&hpos=12&hapos=12&sr_order=popularity&srpvid=0e961c227fc206d7&srepoch=1787112007&from_sustainable_property_sr=1&from=searchresults
7,Amiens,Duplex moderne et lumineux,7.9,https://www.booking.com/hotel/fr/duplex-moderne-et-lumineux.html?aid=304142&label=gen173nr-10CAQoggJCFXNlYXJjaF9hbWllbnMsIGZyYW5jZUgzWARoO4gBAZgBM7gBF8gBDNgBA-gBAfgBAYgCAagCAbgCxdSU1AbAAgHSAiRlMTFhYzFkOS1hMzJkLTQ1ZGMtOTAzYi0xMTc2MzBjNmMwNTHYAgHgAgE&ucfs=1&arphpl=1&group_adults=2&req_adults=2&no_rooms=1&group_children=0&req_children=0&hpos=13&hapos=13&sr_order=popularity&srpvid=0e961c227fc206d7&srepoch=1787112007&from=searchresults
7,Amiens,Studio cosy Amiens,,https://www.booking.com/hotel/fr/studio-cosy-amiens-amiens.html?aid=304142&label=gen173nr-10CAQoggJCFXNlYXJjaF9hbWllbnMsIGZyYW5jZUgzWARoO4gBAZgBM7gBF8gBDNgBA-gBAfgBAYgCAagCAbgCxdSU1AbAAgHSAiRlMTFhYzFkOS1hMzJkLTQ1ZGMtOTAzYi0xMTc2MzBjNmMwNTHYAgHgAgE&ucfs=1&arphpl=1&group_adults=2&req_adults=2&no_rooms=1&group_children=0&req_children=0&hpos=14&hapos=14&sr_order=popularity&srpvid=0e961c227fc206d7&srepoch=1787112007&from=searchresults
7,Amiens,B&B HOTEL Amiens Sud,8.4,https://www.booking.com/hotel/fr/b-amp-b-amiens-sud.html?aid=304142&label=gen173nr-10CAQoggJCFXNlYXJjaF9hbWllbnMsIGZyYW5jZUgzWARoO4gBAZgBM7gBF8gBDNgBA-gBAfgBAYgCAagCAbgCxdSU1AbAAgHSAiRlMTFhYzFkOS1hMzJkLTQ1ZGMtOTAzYi0xMTc2MzBjNmMwNTHYAgHgAgE&ucfs=1&arphpl=1&group_adults=2&req_adults=2&no_rooms=1&group_children=0&req_children=0&hpos=15&hapos=15&sr_order=popularity&srpvid=0e961c227fc206d7&srepoch=1787112007&from=searchresults
7,Amiens,Maison cosy avec 3 chambres et 3 salles de bains,8.9,https://www.booking.com/hotel/fr/maison-de-famille-toute-equipee-au-centre-ville.html?aid=304142&label=gen173nr-10CAQoggJCFXNlYXJjaF9hbWllbnMsIGZyYW5jZUgzWARoO4gBAZgBM7gBF8gBDNgBA-gBAfgBAYgCAagCAbgCxdSU1AbAAgHSAiRlMTFhYzFkOS1hMzJkLTQ1ZGMtOTAzYi0xMTc2MzBjNmMwNTHYAgHgAgE&ucfs=1&arphpl=1&group_adults=2&req_adults=2&no_rooms=1&group_children=0&req_children=0&hpos=16&hapos=16&sr_order=popularity&srpvid=0e961c227fc206d7&srepoch=1787112007&from=searchresults
7,Amiens,You Hotel Amiens - Handwritten Collection,8.9,https://www.booking.com/hotel/fr/you-amiens-handwritten-collection.html?aid=304142&label=gen173nr-10CAQoggJCFXNlYXJjaF9hbWllbnMsIGZyYW5jZUgzWARoO4gBAZgBM7gBF8gBDNgBA-gBAfgBAYgCAagCAbgCxdSU1AbAAgHSAiRlMTFhYzFkOS1hMzJkLTQ1ZGMtOTAzYi0xMTc2MzBjNmMwNTHYAgHgAgE&ucfs=1&arphpl=1&group_adults=2&req_adults=2&no_rooms=1&group_children=0&req_children=0&hpos=17&hapos=17&sr_order=popularity&srpvid=0e961c227fc206d7&srepoch=1787112007&from=searchresults
7,Amiens,DOMITYS - La Plume de Samara,9.1,https://www.booking.com/hotel/fr/domitys-la-plume-de-samara.html?aid=304142&label=gen173nr-10CAQoggJCFXNlYXJjaF9hbWllbnMsIGZyYW5jZUgzWARoO4gBAZgBM7gBF8gBDNgBA-gBAfgBAYgCAagCAbgCxdSU1AbAAgHSAiRlMTFhYzFkOS1hMzJkLTQ1ZGMtOTAzYi0xMTc2MzBjNmMwNTHYAgHgAgE&ucfs=1&arphpl=1&group_adults=2&req_adults=2&no_rooms=1&group_children=0&req_children=0&hpos=18&hapos=18&sr_order=popularity&srpvid=0e961c227fc206d7&srepoch=1787112007&from=searchresults
7,Amiens,Elegant 120m2-Face cathedrale-6 pers-free Parking,9.5,https://www.booking.com/hotel/fr/splendid-cathedral-amiens-duplex-hyper-centre.html?aid=304142&label=gen173nr-10CAQoggJCFXNlYXJjaF9hbWllbnMsIGZyYW5jZUgzWARoO4gBAZgBM7gBF8gBDNgBA-gBAfgBAYgCAagCAbgCxdSU1AbAAgHSAiRlMTFhYzFkOS1hMzJkLTQ1ZGMtOTAzYi0xMTc2MzBjNmMwNTHYAgHgAgE&ucfs=1&arphpl=1&group_adults=2&req_adults=2&no_rooms=1&group_children=0&req_children=0&hpos=19&hapos=19&sr_order=popularity&srpvid=0e961c227fc206d7&srepoch=1787112007&from=searchresults
7,Amiens,l'esprit d'EMMA,9.8,https://www.booking.com/hotel/fr/esprit-d-emma.html?aid=304142&label=gen173nr-10CAQoggJCFXNlYXJjaF9hbWllbnMsIGZyYW5jZUgzWARoO4gBAZgBM7gBF8gBDNgBA-gBAfgBAYgCAagCAbgCxdSU1AbAAgHSAiRlMTFhYzFkOS1hMzJkLTQ1ZGMtOTAzYi0xMTc2MzBjNmMwNTHYAgHgAgE&ucfs=1&arphpl=1&group_adults=2&req_adults=2&no_rooms=1&group_children=0&req_children=0&hpos=20&hapos=20&sr_order=popularity&srpvid=0e961c227fc206d7&srepoch=1787112007&from=searchresults
1,Mont Saint Michel,Hôtel Vert,8.1,https://www.booking.com/hotel/fr/vert.html?aid=304142&label=gen173nr-10CAQoggJCIHNlYXJjaF9tb250IHNhaW50IG1pY2hlbCwgZnJhbmNlSDNYBGg7iAEBmAEzuAEXyAEM2AED6AEB-AEBiAIBqAIBuALO1JTUBsACAdICJDNjOTBjZDc1LTg4NmYtNGViZC05NzEzLTJkMGRmMjk0NzQ2NtgCAeACAQ&ucfs=1&arphpl=1&group_adults=2&req_adults=2&no_rooms=1&group_children=0&req_children=0&hpos=1&hapos=1&sr_order=popularity&srpvid=8fbf1c270d1100b0&srepoch=1787112016&from=searchresults
1,Mont Saint Michel,Le Relais Saint Michel,8.1,https://www.booking.com/hotel/fr/le-relais-saint-michel.html?aid=304142&label=gen173nr-10CAQoggJCIHNlYXJjaF9tb250IHNhaW50IG1pY2hlbCwgZnJhbmNlSDNYBGg7iAEBmAEzuAEXyAEM2AED6AEB-AEBiAIBqAIBuALO1JTUBsACAdICJDNjOTBjZDc1LTg4NmYtNGViZC05NzEzLTJkMGRmMjk0NzQ2NtgCAeACAQ&ucfs=1&arphpl=1&group_adults=2&req_adults=2&no_rooms=1&group_children=0&req_children=0&hpos=2&hapos=2&sr_order=popularity&srpvid=8fbf1c270d1100b0&srepoch=1787112016&from=searchresults
1,Mont Saint Michel,Mercure Mont Saint Michel,8.4,https://www.booking.com/hotel/fr/mont-saint-michel.html?aid=304142&label=gen173nr-10CAQoggJCIHNlYXJjaF9tb250IHNhaW50IG1pY2hlbCwgZnJhbmNlSDNYBGg7iAEBmAEzuAEXyAEM2AED6AEB-AEBiAIBqAIBuALO1JTUBsACAdICJDNjOTBjZDc1LTg4NmYtNGViZC05NzEzLTJkMGRmMjk0NzQ2NtgCAeACAQ&ucfs=1&arphpl=1&group_adults=2&req_adults=2&no_rooms=1&group_children=0&req_children=0&hpos=3&hapos=3&sr_order=popularity&srpvid=8fbf1c270d1100b0&srepoch=1787112016&from=searchresults
1,Mont Saint Michel,Le Saint Aubert,7.4,https://www.booking.com/hotel/fr/hotel-saint-aubert.html?aid=304142&label=gen173nr-10CAQoggJCIHNlYXJjaF9tb250IHNhaW50IG1pY2hlbCwgZnJhbmNlSDNYBGg7iAEBmAEzuAEXyAEM2AED6AEB-AEBiAIBqAIBuALO1JTUBsACAdICJDNjOTBjZDc1LTg4NmYtNGViZC05NzEzLTJkMGRmMjk0NzQ2NtgCAeACAQ&ucfs=1&arphpl=1&group_adults=2&req_adults=2&no_rooms=1&group_children=0&req_children=0&hpos=4&hapos=4&sr_order=popularity&srpvid=8fbf1c270d1100b0&srepoch=1787112016&from=searchresults
1,Mont Saint Michel,La Confiance,7.5,https://www.booking.com/hotel/fr/les-terrasses-poulard.html?aid=304142&label=gen173nr-10CAQoggJCIHNlYXJjaF9tb250IHNhaW50IG1pY2hlbCwgZnJhbmNlSDNYBGg7iAEBmAEzuAEXyAEM2AED6AEB-AEBiAIBqAIBuALO1JTUBsACAdICJDNjOTBjZDc1LTg4NmYtNGViZC05NzEzLTJkMGRmMjk0NzQ2NtgCAeACAQ&ucfs=1&arphpl=1&group_adults=2&req_adults=2&no_rooms=1&group_children=0&req_children=0&hpos=5&hapos=5&sr_order=popularity&srpvid=8fbf1c270d1100b0&srepoch=1787112016&from=searchresults
1,Mont Saint Michel,Hotel De La Digue,7.5,https://www.booking.com/hotel/fr/de-la-digue.html?aid=304142&label=gen173nr-10CAQoggJCIHNlYXJjaF9tb250IHNhaW50IG1pY2hlbCwgZnJhbmNlSDNYBGg7iAEBmAEzuAEXyAEM2AED6AEB-AEBiAIBqAIBuALO1JTUBsACAdICJDNjOTBjZDc1LTg4NmYtNGViZC05NzEzLTJkMGRmMjk0NzQ2NtgCAeACAQ&ucfs=1&arphpl=1&group_adults=2&req_adults=2&no_rooms=1&group_children=0&req_children=0&hpos=6&hapos=6&sr_order=popularity&srpvid=8fbf1c270d1100b0&srepoch=1787112016&from=searchresults
1,Mont Saint Michel,Hotel Gabriel,8.2,https://www.booking.com/hotel/fr/hotel-gabriel.html?aid=304142&label=gen173nr-10CAQoggJCIHNlYXJjaF9tb250IHNhaW50IG1pY2hlbCwgZnJhbmNlSDNYBGg7iAEBmAEzuAEXyAEM2AED6AEB-AEBiAIBqAIBuALO1JTUBsACAdICJDNjOTBjZDc1LTg4NmYtNGViZC05NzEzLTJkMGRmMjk0NzQ2NtgCAeACAQ&ucfs=1&arphpl=1&group_adults=2&req_adults=2&no_rooms=1&group_children=0&req_children=0&hpos=7&hapos=7&sr_order=popularity&srpvid=8fbf1c270d1100b0&srepoch=1787112016&from=searchresults
1,Mont Saint Michel,La Mère Poulard,7.6,https://www.booking.com/hotel/fr/la-mere-poulard.html?aid=304142&label=gen173nr-10CAQoggJCIHNlYXJjaF9tb250IHNhaW50IG1pY2hlbCwgZnJhbmNlSDNYBGg7iAEBmAEzuAEXyAEM2AED6AEB-AEBiAIBqAIBuALO1JTUBsACAdICJDNjOTBjZDc1LTg4NmYtNGViZC05NzEzLTJkMGRmMjk0NzQ2NtgCAeACAQ&ucfs=1&arphpl=1&group_adults=2&req_adults=2&no_rooms=1&group_children=0&req_children=0&hpos=8&hapos=8&sr_order=popularity&srpvid=8fbf1c270d1100b0&srepoch=1787112016&from=searchresults
1,Mont Saint Michel,La Vieille Auberge,7.5,https://www.booking.com/hotel/fr/la-vieille-auberge-le-mont-saint-michel.html?aid=304142&label=gen173nr-10CAQoggJCIHNlYXJjaF9tb250IHNhaW50IG1pY2hlbCwgZnJhbmNlSDNYBGg7iAEBmAEzuAEXyAEM2AED6AEB-AEBiAIBqAIBuALO1JTUBsACAdICJDNjOTBjZDc1LTg4NmYtNGViZC05NzEzLTJkMGRmMjk0NzQ2NtgCAeACAQ&ucfs=1&arphpl=1&group_adults=2&req_adults=2&no_rooms=1&group_children=0&req_children=0&hpos=9&hapos=9&sr_order=popularity&srpvid=8fbf1c270d1100b0&srepoch=1787112016&from=searchresults
1,Mont Saint Michel,Le Relais Du Roy,8.3,https://www.booking.com/hotel/fr/le-relais-du-roy.html?aid=304142&label=gen173nr-10CAQoggJCIHNlYXJjaF9tb250IHNhaW50IG1pY2hlbCwgZnJhbmNlSDNYBGg7iAEBmAEzuAEXyAEM2AED6AEB-AEBiAIBqAIBuALO1JTUBsACAdICJDNjOTBjZDc1LTg4NmYtNGViZC05NzEzLTJkMGRmMjk0NzQ2NtgCAeACAQ&ucfs=1&arphpl=1&group_adults=2&req_adults=2&no_rooms=1&group_children=0&req_children=0&hpos=10&hapos=10&sr_order=popularity&srpvid=8fbf1c270d1100b0&srepoch=1787112016&from=searchresults
1,Mont Saint Michel,Le Mouton Blanc,7.2,https://www.booking.com/hotel/fr/le-mouton-blanc-le-mont-saint-michel.html?aid=304142&label=gen173nr-10CAQoggJCIHNlYXJjaF9tb250IHNhaW50IG1pY2hlbCwgZnJhbmNlSDNYBGg7iAEBmAEzuAEXyAEM2AED6AEB-AEBiAIBqAIBuALO1JTUBsACAdICJDNjOTBjZDc1LTg4NmYtNGViZC05NzEzLTJkMGRmMjk0NzQ2NtgCAeACAQ&ucfs=1&arphpl=1&group_adults=2&req_adults=2&no_rooms=1&group_children=0&req_children=0&hpos=11&hapos=11&sr_order=popularity&srpvid=8fbf1c270d1100b0&srepoch=1787112016&from=searchresults
1,Mont Saint Michel,Hôtel la Croix Blanche,8.1,https://www.booking.com/hotel/fr/ha-el-la-croix-blanche.html?aid=304142&label=gen173nr-10CAQoggJCIHNlYXJjaF9tb250IHNhaW50IG1pY2hlbCwgZnJhbmNlSDNYBGg7iAEBmAEzuAEXyAEM2AED6AEB-AEBiAIBqAIBuALO1JTUBsACAdICJDNjOTBjZDc1LTg4NmYtNGViZC05NzEzLTJkMGRmMjk0NzQ2NtgCAeACAQ&ucfs=1&arphpl=1&group_adults=2&req_adults=2&no_rooms=1&group_children=0&req_children=0&hpos=12&hapos=12&sr_order=popularity&srpvid=8fbf1c270d1100b0&srepoch=1787112016&from=searchresults
1,Mont Saint Michel,Auberge Saint Pierre,7.9,https://www.booking.com/hotel/fr/auberge-saint-pierre.html?aid=304142&label=gen173nr-10CAQoggJCIHNlYXJjaF9tb250IHNhaW50IG1pY2hlbCwgZnJhbmNlSDNYBGg7iAEBmAEzuAEXyAEM2AED6AEB-AEBiAIBqAIBuALO1JTUBsACAdICJDNjOTBjZDc1LTg4NmYtNGViZC05NzEzLTJkMGRmMjk0NzQ2NtgCAeACAQ&ucfs=1&arphpl=1&group_adults=2&req_adults=2&no_rooms=1&group_children=0&req_children=0&hpos=13&hapos=13&sr_order=popularity&srpvid=8fbf1c270d1100b0&srepoch=1787112016&from=searchresults
1,Mont Saint Michel,Appart Standing - La Coque d'Or - Mont-St-Michel,9.6,https://www.booking.com/hotel/fr/la-coque-d-or.html?aid=304142&label=gen173nr-10CAQoggJCIHNlYXJjaF9tb250IHNhaW50IG1pY2hlbCwgZnJhbmNlSDNYBGg7iAEBmAEzuAEXyAEM2AED6AEB-AEBiAIBqAIBuALO1JTUBsACAdICJDNjOTBjZDc1LTg4NmYtNGViZC05NzEzLTJkMGRmMjk0NzQ2NtgCAeACAQ&ucfs=1&arphpl=1&group_adults=2&req_adults=2&no_rooms=1&group_children=0&req_children=0&hpos=14&hapos=14&sr_order=popularity&srpvid=8fbf1c270d1100b0&srepoch=1787112016&from=searchresults
1,Mont Saint Michel,"Chez Adèle, au pied de l'Abbaye",9.1,https://www.booking.com/hotel/fr/chez-adele-le-mont-saint-michel.html?aid=304142&label=gen173nr-10CAQoggJCIHNlYXJjaF9tb250IHNhaW50IG1pY2hlbCwgZnJhbmNlSDNYBGg7iAEBmAEzuAEXyAEM2AED6AEB-AEBiAIBqAIBuALO1JTUBsACAdICJDNjOTBjZDc1LTg4NmYtNGViZC05NzEzLTJkMGRmMjk0NzQ2NtgCAeACAQ&ucfs=1&arphpl=1&group_adults=2&req_adults=2&no_rooms=1&group_children=0&req_children=0&hpos=15&hapos=15&sr_order=popularity&srpvid=8fbf1c270d1100b0&srepoch=1787112016&from=searchresults
1,Mont Saint Michel,"Chambres d'Hôtes Farcy ""La P'tite Transhumance""",8.8,https://www.booking.com/hotel/fr/chambres-d-hotes-farcy.html?aid=304142&label=gen173nr-10CAQoggJCIHNlYXJjaF9tb250IHNhaW50IG1pY2hlbCwgZnJhbmNlSDNYBGg7iAEBmAEzuAEXyAEM2AED6AEB-AEBiAIBqAIBuALO1JTUBsACAdICJDNjOTBjZDc1LTg4NmYtNGViZC05NzEzLTJkMGRmMjk0NzQ2NtgCAeACAQ&ucfs=1&arphpl=1&group_adults=2&req_adults=2&no_rooms=1&group_children=0&req_children=0&hpos=16&hapos=16&sr_order=popularity&srpvid=8fbf1c270d1100b0&srepoch=1787112016&from=searchresults
1,Mont Saint Michel,Auberge de la Baie,8.4,https://www.booking.com/hotel/fr/auberge-de-la-baie.html?aid=304142&label=gen173nr-10CAQoggJCIHNlYXJjaF9tb250IHNhaW50IG1pY2hlbCwgZnJhbmNlSDNYBGg7iAEBmAEzuAEXyAEM2AED6AEB-AEBiAIBqAIBuALO1JTUBsACAdICJDNjOTBjZDc1LTg4NmYtNGViZC05NzEzLTJkMGRmMjk0NzQ2NtgCAeACAQ&ucfs=1&arphpl=1&group_adults=2&req_adults=2&no_rooms=1&group_children=0&req_children=0&hpos=17&hapos=17&sr_order=popularity&srpvid=8fbf1c270d1100b0&srepoch=1787112016&from=searchresults
1,Mont Saint Michel,Camping Les Pommiers du Mont Saint Michel,7.6,https://www.booking.com/hotel/fr/camping-aux-pommiers-tohapi.html?aid=304142&label=gen173nr-10CAQoggJCIHNlYXJjaF9tb250IHNhaW50IG1pY2hlbCwgZnJhbmNlSDNYBGg7iAEBmAEzuAEXyAEM2AED6AEB-AEBiAIBqAIBuALO1JTUBsACAdICJDNjOTBjZDc1LTg4NmYtNGViZC05NzEzLTJkMGRmMjk0NzQ2NtgCAeACAQ&ucfs=1&arphpl=1&group_adults=2&req_adults=2&no_rooms=1&group_children=0&req_children=0&hpos=18&hapos=18&sr_order=popularity&srpvid=8fbf1c270d1100b0&srepoch=1787112016&from=searchresults
1,Mont Saint Michel,Hotel Rose,8.4,https://www.booking.com/hotel/fr/gue-de-beauvoir.html?aid=304142&label=gen173nr-10CAQoggJCIHNlYXJjaF9tb250IHNhaW50IG1pY2hlbCwgZnJhbmNlSDNYBGg7iAEBmAEzuAEXyAEM2AED6AEB-AEBiAIBqAIBuALO1JTUBsACAdICJDNjOTBjZDc1LTg4NmYtNGViZC05NzEzLTJkMGRmMjk0NzQ2NtgCAeACAQ&ucfs=1&arphpl=1&group_adults=2&req_adults=2&no_rooms=1&group_children=0&req_children=0&hpos=19&hapos=19&sr_order=popularity&srpvid=8fbf1c270d1100b0&srepoch=1787112016&from=searchresults
1,Mont Saint Michel,Résidence Beauvoir le Mont-Saint-Michel,9.4,https://www.booking.com/hotel/fr/residence-beauvoir-le-mont-saint-michel.html?aid=304142&label=gen173nr-10CAQoggJCIHNlYXJjaF9tb250IHNhaW50IG1pY2hlbCwgZnJhbmNlSDNYBGg7iAEBmAEzuAEXyAEM2AED6AEB-AEBiAIBqAIBuALO1JTUBsACAdICJDNjOTBjZDc1LTg4NmYtNGViZC05NzEzLTJkMGRmMjk0NzQ2NtgCAeACAQ&ucfs=1&arphpl=1&group_adults=2&req_adults=2&no_rooms=1&group_children=0&req_children=0&hpos=20&hapos=20&sr_order=popularity&srpvid=8fbf1c270d1100b0&srepoch=1787112016&from=searchresults
