city_id,city,latitude,longitude,date,temp_day,temp_min,temp_max,feels_like_day,humidity,weather,clouds,wind_speed,pop,rain
1,Mont Saint Michel,48.6359541,-1.51146,2026-08-15,24.3,17.98,25.36,24.3,64,light rain,100,6.62,0.8,3.16
1,Mont Saint Michel,48.6359541,-1.51146,2026-08-16,25.98,16.96,26.2,25.98,55,broken clouds,72,6.87,0.0,0.0
1,Mont Saint Michel,48.6359541,-1.51146,2026-08-17,22.32,16.11,23.45,22.32,61,overcast clouds,97,5.92,0.0,0.0
1,Mont Saint Michel,48.6359541,-1.51146,2026-08-18,22.72,16.53,24.38,22.72,66,broken clouds,75,6.08,0.0,0.0
1,Mont Saint Michel,48.6359541,-1.51146,2026-08-19,20.18,16.18,21.96,20.18,62,overcast clouds,99,4.99,0.0,0.03
1,Mont Saint Michel,48.6359541,-1.51146,2026-08-20,20.09,15.19,21.56,20.09,50,overcast clouds,93,5.46,0.0,0.37
1,Mont Saint Michel,48.6359541,-1.51146,2026-08-21,19.64,13.61,21.14,19.64,65,moderate rain,19,6.36,0.4,11.5
2,St Malo,48.649518,-2.0260409,2026-08-15,21.27,18.73,21.57,21.27,76,light rain,100,6.89,0.6,2.11
2,St Malo,48.649518,-2.0260409,2026-08-16,22.11,18.31,22.11,22.11,68,overcast clouds,99,7.08,0.0,0.0
2,St Malo,48.649518,-2.0260409,2026-08-17,20.86,17.76,22.18,20.86,74,overcast clouds,93,5.91,0.0,0.0
2,St Malo,48.649518,-2.0260409,2026-08-18,21.4,17.15,22.76,21.4,74,broken clouds,73,7.34,0.0,0.0
2,St Malo,48.649518,-2.0260409,2026-08-19,18.89,17.31,20.65,18.89,71,overcast clouds,99,6.22,0.0,0.0
2,St Malo,48.649518,-2.0260409,2026-08-20,19.1,16.22,20.45,19.1,56,broken clouds,80,6.43,0.0,0.48
2,St Malo,48.649518,-2.0260409,2026-08-21,19.26,14.85,20.15,19.26,66,light rain,8,7.52,0.39,5.8
3,Bayeux,49.2764624,-0.7024738,2026-08-15,23.25,17.39,24.68,23.25,67,moderate rain,99,5.47,0.91,2.31
3,Bayeux,49.2764624,-0.7024738,2026-08-16,25.31,17.65,25.91,25.31,55,broken clouds,76,5.68,0.0,0.0
3,Bayeux,49.2764624,-0.7024738,2026-08-17,22.56,15.32,23.34,22.56,55,overcast clouds,95,5.38,0.0,0.0
3,Bayeux,49.2764624,-0.7024738,2026-08-18,24.88,14.85,25.95,24.88,59,broken clouds,61,7.41,0.0,0.01
3,Bayeux,49.2764624,-0.7024738,2026-08-19,21.76,15.02,23.7,21.76,47,overcast clouds,100,5.58,0.0,0.0
3,Bayeux,49.2764624,-0.7024738,2026-08-20,19.88,12.6,22.49,19.88,49,broken clouds,80,5.38,0.0,0.38
3,Bayeux,49.2764624,-0.7024738,2026-08-21,19.91,12.63,20.27,19.91,58,moderate rain,7,4.09,0.77,12.83
4,Le Havre,49.4938975,0.1079732,2026-08-15,22.2,19.87,24.15,22.2,78,moderate rain,99,6.5,0.92,1.98
4,Le Havre,49.4938975,0.1079732,2026-08-16,23.81,18.33,23.88,23.81,64,broken clouds,84,6.96,0.0,0.0
4,Le Havre,49.4938975,0.1079732,2026-08-17,21.17,19.46,21.35,21.17,57,overcast clouds,100,6.01,0.0,0.0
4,Le Havre,49.4938975,0.1079732,2026-08-18,20.56,18.77,22.26,20.56,79,broken clouds,82,6.99,0.0,0.1
4,Le Havre,49.4938975,0.1079732,2026-08-19,19.6,18.72,20.25,19.6,64,overcast clouds,99,7.24,0.0,0.0
4,Le Havre,49.4938975,0.1079732,2026-08-20,18.53,17.38,20.1,18.53,59,broken clouds,83,6.29,0.0,0.78
4,Le Havre,49.4938975,0.1079732,2026-08-21,18.38,17.09,19.64,18.38,70,light rain,11,5.59,0.4,4.73
5,Rouen,49.4404591,1.0939658,2026-08-15,27.28,18.4,32.46,27.28,53,light rain,100,5.79,1.0,2.77
5,Rouen,49.4404591,1.0939658,2026-08-16,27.18,16.59,31.06,27.18,42,overcast clouds,98,5.85,0.02,0.0
5,Rouen,49.4404591,1.0939658,2026-08-17,25.58,16.85,27.27,25.58,43,overcast clouds,99,6.2,0.0,0.0
5,Rouen,49.4404591,1.0939658,2026-08-18,25.38,15.29,27.34,25.38,40,broken clouds,77,7.86,0.0,0.05
5,Rouen,49.4404591,1.0939658,2026-08-19,23.3,15.28,25.31,23.3,41,overcast clouds,98,5.89,0.0,0.0
5,Rouen,49.4404591,1.0939658,2026-08-20,21.05,13.32,23.49,21.05,46,overcast clouds,99,5.83,0.01,0.61
5,Rouen,49.4404591,1.0939658,2026-08-21,20.92,12.22,23.77,20.92,53,moderate rain,20,6.01,0.35,4.63
6,Paris,48.8534951,2.3483915,2026-08-15,29.93,22.52,34.86,29.93,39,light rain,86,4.62,0.59,1.72
6,Paris,48.8534951,2.3483915,2026-08-16,27.7,20.52,32.02,27.7,45,broken clouds,56,4.6,0.31,0.0
6,Paris,48.8534951,2.3483915,2026-08-17,26.38,21.75,30.39,26.38,34,overcast clouds,100,5.58,0.0,0.0
6,Paris,48.8534951,2.3483915,2026-08-18,26.67,20.08,31.22,26.67,37,broken clouds,59,5.45,0.0,0.0
6,Paris,48.8534951,2.3483915,2026-08-19,23.02,18.78,27.29,23.02,45,overcast clouds,87,4.03,0.0,0.0
6,Paris,48.8534951,2.3483915,2026-08-20,21.67,17.42,26.64,21.67,52,light rain,94,4.51,0.49,2.55
6,Paris,48.8534951,2.3483915,2026-08-21,22.55,17.27,25.05,22.55,41,light rain,18,4.01,0.25,0.92
7,Amiens,49.8941708,2.2956951,2026-08-15,27.4,18.62,32.68,27.4,48,light rain,99,7.14,0.97,2.59
7,Amiens,49.8941708,2.2956951,2026-08-16,25.94,16.5,30.01,25.94,40,overcast clouds,93,5.16,0.28,0.02
7,Amiens,49.8941708,2.2956951,2026-08-17,25.41,18.4,27.77,25.41,42,overcast clouds,100,6.36,0.05,0.04
7,Amiens,49.8941708,2.2956951,2026-08-18,26.19,16.19,28.02,26.19,37,broken clouds,76,8.65,0.0,0.0
7,Amiens,49.8941708,2.2956951,2026-08-19,22.71,15.15,25.1,22.71,43,overcast clouds,91,6.4,0.0,0.0
7,Amiens,49.8941708,2.2956951,2026-08-20,20.46,13.22,23.35,20.46,50,overcast clouds,98,6.17,0.02,0.54
7,Amiens,49.8941708,2.2956951,2026-08-21,21.19,12.02,23.64,21.19,51,moderate rain,11,6.1,0.58,6.73
8,Lille,50.6365654,3.0635282,2026-08-15,25.46,19.29,31.22,25.46,55,light rain,100,6.72,0.8,2.2
8,Lille,50.6365654,3.0635282,2026-08-16,23.85,16.55,28.58,23.85,42,overcast clouds,93,5.22,0.14,0.04
8,Lille,50.6365654,3.0635282,2026-08-17,21.3,16.02,24.18,21.3,63,moderate rain,97,5.27,0.64,2.35
8,Lille,50.6365654,3.0635282,2026-08-18,25.04,17.97,26.33,25.04,42,light rain,86,7.11,0.4,0.65
8,Lille,50.6365654,3.0635282,2026-08-19,22.32,16.08,25.58,22.32,42,overcast clouds,85,6.53,0.4,0.01
8,Lille,50.6365654,3.0635282,2026-08-20,20.4,14.33,22.84,20.4,46,overcast clouds,91,5.89,0.04,0.03
8,Lille,50.6365654,3.0635282,2026-08-21,21.3,13.46,22.94,21.3,50,moderate rain,10,4.85,0.56,5.65
9,Strasbourg,48.584614,7.7507127,2026-08-15,30.88,22.05,37.3,30.88,25,overcast clouds,94,5.36,0.12,0.02
9,Strasbourg,48.584614,7.7507127,2026-08-16,29.37,18.6,34.44,29.37,39,heavy intensity rain,95,10.6,1.0,9.17
9,Strasbourg,48.584614,7.7507127,2026-08-17,18.73,17.77,25.92,18.73,84,light rain,100,3.05,1.0,2.35
9,Strasbourg,48.584614,7.7507127,2026-08-18,26.12,18.11,30.84,26.12,38,broken clouds,60,5.37,0.0,0.0
9,Strasbourg,48.584614,7.7507127,2026-08-19,25.29,18.18,26.72,25.29,56,light rain,31,6.47,0.36,0.94
9,Strasbourg,48.584614,7.7507127,2026-08-20,21.15,16.67,21.74,21.15,71,heavy intensity rain,100,2.36,0.97,39.46
9,Strasbourg,48.584614,7.7507127,2026-08-21,20.37,15.66,23.03,20.37,76,heavy intensity rain,100,3.18,0.89,42.48
10,Chateau du Haut Koenigsbourg,48.249382,7.3439412,2026-08-15,30.81,19.25,33.44,30.81,22,light rain,57,5.19,0.39,0.57
10,Chateau du Haut Koenigsbourg,48.249382,7.3439412,2026-08-16,26.79,15.25,30.42,26.79,38,light rain,97,8.2,0.98,2.92
10,Chateau du Haut Koenigsbourg,48.249382,7.3439412,2026-08-17,17.56,14.8,23.38,17.56,88,light rain,100,2.12,1.0,4.79
10,Chateau du Haut Koenigsbourg,48.249382,7.3439412,2026-08-18,23.7,13.32,27.35,23.7,39,broken clouds,75,4.71,0.0,0.0
10,Chateau du Haut Koenigsbourg,48.249382,7.3439412,2026-08-19,24.77,15.04,25.3,24.77,47,clear sky,7,6.08,0.24,0.16
10,Chateau du Haut Koenigsbourg,48.249382,7.3439412,2026-08-20,18.35,13.24,19.19,18.35,79,moderate rain,100,1.45,1.0,29.57
10,Chateau du Haut Koenigsbourg,48.249382,7.3439412,2026-08-21,17.79,12.95,21.0,17.79,73,moderate rain,99,2.54,0.98,17.76
11,Colmar,48.0777517,7.3579641,2026-08-15,33.06,22.11,36.52,33.06,27,light rain,81,5.51,0.4,0.53
11,Colmar,48.0777517,7.3579641,2026-08-16,29.44,18.32,33.53,29.44,39,light rain,99,5.32,0.93,2.54
11,Colmar,48.0777517,7.3579641,2026-08-17,21.13,17.67,25.94,21.13,82,moderate rain,100,2.34,0.97,5.52
11,Colmar,48.0777517,7.3579641,2026-08-18,26.95,16.05,30.89,26.95,39,broken clouds,67,4.7,0.0,0.0
11,Colmar,48.0777517,7.3579641,2026-08-19,29.37,18.38,30.22,29.37,38,clear sky,3,5.99,0.23,0.07
11,Colmar,48.0777517,7.3579641,2026-08-20,20.81,16.16,21.34,20.81,83,moderate rain,100,3.27,1.0,27.87
11,Colmar,48.0777517,7.3579641,2026-08-21,20.22,16.02,23.2,20.22,79,moderate rain,99,3.29,0.99,27.33
12,Eguisheim,48.0447968,7.3079618,2026-08-15,33.49,22.4,36.24,33.49,27,light rain,84,5.15,0.31,0.62
12,Eguisheim,48.0447968,7.3079618,2026-08-16,29.3,18.5,33.42,29.3,39,light rain,99,4.65,0.93,2.4
12,Eguisheim,48.0447968,7.3079618,2026-08-17,21.38,17.86,25.65,21.38,81,moderate rain,100,2.23,0.97,5.62
12,Eguisheim,48.0447968,7.3079618,2026-08-18,27.23,16.22,30.75,27.23,38,broken clouds,66,4.55,0.0,0.0
12,Eguisheim,48.0447968,7.3079618,2026-08-19,29.32,18.59,30.25,29.32,38,clear sky,2,5.92,0.23,0.04
12,Eguisheim,48.0447968,7.3079618,2026-08-20,20.93,16.31,21.4,20.93,84,moderate rain,100,3.0,1.0,26.19
12,Eguisheim,48.0447968,7.3079618,2026-08-21,20.39,16.23,23.53,20.39,79,moderate rain,100,3.02,0.99,25.83
13,Besancon,47.2380222,6.0243622,2026-08-15,32.7,20.23,36.79,32.7,29,scattered clouds,40,2.75,0.12,0.0
13,Besancon,47.2380222,6.0243622,2026-08-16,28.76,19.62,30.87,28.76,39,light rain,99,4.98,0.54,1.43
13,Besancon,47.2380222,6.0243622,2026-08-17,20.75,17.0,27.16,20.75,85,light rain,100,2.84,0.8,4.55
13,Besancon,47.2380222,6.0243622,2026-08-18,26.94,15.31,31.68,26.94,38,scattered clouds,42,2.72,0.0,0.0
13,Besancon,47.2380222,6.0243622,2026-08-19,28.28,17.49,32.6,28.28,34,clear sky,2,4.01,0.0,0.05
13,Besancon,47.2380222,6.0243622,2026-08-20,17.74,16.39,22.22,17.74,96,heavy intensity rain,100,4.32,1.0,22.79
13,Besancon,47.2380222,6.0243622,2026-08-21,16.82,15.84,23.66,16.82,98,moderate rain,100,3.64,1.0,38.2
14,Dijon,47.3215806,5.0414701,2026-08-15,35.93,21.85,38.37,35.93,14,broken clouds,60,5.03,0.01,0.0
14,Dijon,47.3215806,5.0414701,2026-08-16,27.46,21.59,30.98,27.46,43,light rain,100,5.06,0.68,0.9
14,Dijon,47.3215806,5.0414701,2026-08-17,23.91,18.22,31.11,23.91,70,light rain,100,5.63,0.75,3.23
14,Dijon,47.3215806,5.0414701,2026-08-18,28.69,16.55,32.6,28.69,30,few clouds,18,4.88,0.0,0.0
14,Dijon,47.3215806,5.0414701,2026-08-19,29.11,18.11,31.79,29.11,37,clear sky,2,5.86,0.04,0.02
14,Dijon,47.3215806,5.0414701,2026-08-20,20.6,15.83,22.81,20.6,70,moderate rain,100,5.5,0.97,11.55
14,Dijon,47.3215806,5.0414701,2026-08-21,21.26,15.63,26.23,21.26,56,moderate rain,96,7.28,0.97,6.96
15,Annecy,45.8992348,6.1288847,2026-08-15,31.63,18.53,34.23,31.63,36,overcast clouds,98,2.03,0.46,0.06
15,Annecy,45.8992348,6.1288847,2026-08-16,29.99,18.47,33.17,29.99,40,moderate rain,52,3.18,0.87,3.13
15,Annecy,45.8992348,6.1288847,2026-08-17,24.95,17.22,27.88,24.95,68,light rain,99,1.68,0.82,2.57
15,Annecy,45.8992348,6.1288847,2026-08-18,27.84,16.51,30.76,27.84,38,scattered clouds,45,1.72,0.05,0.0
15,Annecy,45.8992348,6.1288847,2026-08-19,29.16,17.76,31.74,29.16,36,few clouds,16,2.15,0.0,0.0
15,Annecy,45.8992348,6.1288847,2026-08-20,20.0,17.9,22.52,20.0,87,moderate rain,99,1.66,1.0,33.25
15,Annecy,45.8992348,6.1288847,2026-08-21,19.73,14.73,21.16,19.73,91,heavy intensity rain,99,1.56,1.0,115.42
16,Grenoble,45.1875602,5.7357819,2026-08-15,34.95,20.53,37.21,34.95,30,overcast clouds,86,2.99,0.54,0.2
16,Grenoble,45.1875602,5.7357819,2026-08-16,32.71,20.0,35.23,32.71,37,moderate rain,33,4.32,1.0,6.17
16,Grenoble,45.1875602,5.7357819,2026-08-17,28.79,18.24,31.3,28.79,49,light rain,91,3.91,1.0,0.4
16,Grenoble,45.1875602,5.7357819,2026-08-18,29.26,18.82,32.1,29.26,36,clear sky,0,3.12,0.0,0.0
16,Grenoble,45.1875602,5.7357819,2026-08-19,31.65,19.36,34.19,31.65,32,clear sky,2,2.4,0.0,0.0
16,Grenoble,45.1875602,5.7357819,2026-08-20,20.87,20.4,30.2,20.87,92,heavy intensity rain,99,2.04,0.96,29.58
16,Grenoble,45.1875602,5.7357819,2026-08-21,22.72,16.96,24.31,22.72,87,heavy intensity rain,96,1.84,1.0,126.03
17,Lyon,45.7578137,4.8320114,2026-08-15,34.16,23.01,38.21,34.16,29,scattered clouds,48,4.64,0.09,0.0
17,Lyon,45.7578137,4.8320114,2026-08-16,32.17,20.53,35.09,32.17,33,light rain,72,8.31,0.98,2.17
17,Lyon,45.7578137,4.8320114,2026-08-17,28.91,19.38,33.13,28.91,44,overcast clouds,85,5.52,0.79,0.0
17,Lyon,45.7578137,4.8320114,2026-08-18,29.47,20.12,33.95,29.47,29,clear sky,3,3.94,0.0,0.0
17,Lyon,45.7578137,4.8320114,2026-08-19,31.61,21.12,35.39,31.61,27,clear sky,1,2.72,0.0,0.0
17,Lyon,45.7578137,4.8320114,2026-08-20,18.93,18.68,25.41,18.93,93,heavy intensity rain,100,1.93,1.0,46.72
17,Lyon,45.7578137,4.8320114,2026-08-21,21.43,18.6,23.88,21.43,75,heavy intensity rain,96,3.15,0.97,47.05
18,Gorges du Verdon,43.7496562,6.3285616,2026-08-15,30.35,17.99,31.25,30.35,29,heavy intensity rain,14,3.85,0.61,19.18
18,Gorges du Verdon,43.7496562,6.3285616,2026-08-16,29.29,17.73,31.06,29.29,32,light rain,8,3.91,0.52,0.72
18,Gorges du Verdon,43.7496562,6.3285616,2026-08-17,28.11,17.79,31.51,28.11,35,scattered clouds,29,7.95,0.36,0.0
18,Gorges du Verdon,43.7496562,6.3285616,2026-08-18,28.52,18.09,31.32,28.52,36,clear sky,2,3.83,0.0,0.0
18,Gorges du Verdon,43.7496562,6.3285616,2026-08-19,29.59,18.49,32.85,29.59,27,clear sky,0,5.26,0.01,0.0
18,Gorges du Verdon,43.7496562,6.3285616,2026-08-20,26.34,19.96,30.72,26.34,43,moderate rain,63,4.4,0.56,5.09
18,Gorges du Verdon,43.7496562,6.3285616,2026-08-21,22.09,17.11,24.96,22.09,68,moderate rain,94,3.67,1.0,31.53
19,Bormes les Mimosas,43.1506968,6.3419285,2026-08-15,32.24,25.1,32.24,32.24,43,few clouds,22,4.86,0.22,0.12
19,Bormes les Mimosas,43.1506968,6.3419285,2026-08-16,30.94,24.07,31.2,30.94,48,clear sky,0,6.95,0.09,0.0
19,Bormes les Mimosas,43.1506968,6.3419285,2026-08-17,30.93,23.76,35.15,30.93,43,scattered clouds,31,10.5,0.03,0.0
19,Bormes les Mimosas,43.1506968,6.3419285,2026-08-18,30.88,24.21,30.88,30.88,47,clear sky,3,8.07,0.0,0.0
19,Bormes les Mimosas,43.1506968,6.3419285,2026-08-19,31.42,23.63,32.39,31.42,40,clear sky,0,6.16,0.0,0.0
19,Bormes les Mimosas,43.1506968,6.3419285,2026-08-20,28.46,24.39,29.76,28.46,67,light rain,80,5.23,0.34,1.97
19,Bormes les Mimosas,43.1506968,6.3419285,2026-08-21,27.53,24.96,28.73,27.53,62,moderate rain,98,7.35,1.0,37.88
20,Cassis,43.2140359,5.5396318,2026-08-15,31.02,27.38,31.25,31.02,53,scattered clouds,45,3.87,0.26,0.03
20,Cassis,43.2140359,5.5396318,2026-08-16,29.14,26.28,29.92,29.14,59,clear sky,0,4.69,0.15,0.0
20,Cassis,43.2140359,5.5396318,2026-08-17,29.78,25.91,33.31,29.78,47,scattered clouds,41,10.94,0.0,0.0
20,Cassis,43.2140359,5.5396318,2026-08-18,30.77,26.78,31.71,30.77,40,clear sky,4,11.43,0.0,0.0
20,Cassis,43.2140359,5.5396318,2026-08-19,31.74,27.3,31.83,31.74,36,clear sky,0,6.34,0.0,0.0
20,Cassis,43.2140359,5.5396318,2026-08-20,29.46,26.75,29.6,29.46,67,broken clouds,81,4.28,0.09,0.27
20,Cassis,43.2140359,5.5396318,2026-08-21,26.86,26.27,28.19,26.86,62,moderate rain,94,7.31,0.81,8.85
21,Marseille,43.2963986,5.3777888,2026-08-15,30.55,27.6,31.12,30.55,54,broken clouds,76,4.43,0.25,0.01
21,Marseille,43.2963986,5.3777888,2026-08-16,29.0,26.54,29.92,29.0,58,clear sky,0,5.28,0.15,0.0
21,Marseille,43.2963986,5.3777888,2026-08-17,29.85,25.59,33.23,29.85,46,scattered clouds,30,10.46,0.02,0.0
21,Marseille,43.2963986,5.3777888,2026-08-18,30.57,26.83,32.26,30.57,38,clear sky,4,11.2,0.0,0.0
21,Marseille,43.2963986,5.3777888,2026-08-19,31.47,27.34,31.47,31.47,36,clear sky,0,5.91,0.0,0.0
21,Marseille,43.2963986,5.3777888,2026-08-20,28.95,26.93,29.67,28.95,68,broken clouds,83,3.83,0.12,0.4
21,Marseille,43.2963986,5.3777888,2026-08-21,26.97,25.91,28.46,26.97,61,moderate rain,95,7.53,0.75,6.02
22,Aix en Provence,43.5298424,5.4474738,2026-08-15,33.46,24.88,35.32,33.46,29,broken clouds,66,5.96,0.47,0.15
22,Aix en Provence,43.5298424,5.4474738,2026-08-16,31.97,24.43,33.56,31.97,34,clear sky,0,5.78,0.31,0.0
22,Aix en Provence,43.5298424,5.4474738,2026-08-17,31.16,23.98,35.09,31.16,34,scattered clouds,32,10.43,0.02,0.0
22,Aix en Provence,43.5298424,5.4474738,2026-08-18,32.25,24.18,36.18,32.25,26,clear sky,5,8.38,0.0,0.0
22,Aix en Provence,43.5298424,5.4474738,2026-08-19,33.62,24.7,35.92,33.62,22,clear sky,0,5.69,0.0,0.0
22,Aix en Provence,43.5298424,5.4474738,2026-08-20,29.88,24.74,33.64,29.88,44,light rain,79,3.89,0.36,1.13
22,Aix en Provence,43.5298424,5.4474738,2026-08-21,27.08,24.46,30.67,27.08,54,moderate rain,97,5.62,0.74,14.93
23,Avignon,43.9492493,4.8059012,2026-08-15,35.05,23.34,39.13,35.05,30,light rain,92,8.23,0.35,0.48
23,Avignon,43.9492493,4.8059012,2026-08-16,33.98,22.84,38.01,33.98,32,light rain,23,8.24,0.48,0.24
23,Avignon,43.9492493,4.8059012,2026-08-17,32.79,20.63,37.48,32.79,30,few clouds,13,10.35,0.4,0.0
23,Avignon,43.9492493,4.8059012,2026-08-18,33.03,23.56,37.46,33.03,23,clear sky,6,10.08,0.0,0.0
23,Avignon,43.9492493,4.8059012,2026-08-19,35.19,22.27,39.39,35.19,20,clear sky,1,7.55,0.0,0.0
23,Avignon,43.9492493,4.8059012,2026-08-20,29.55,24.76,36.89,29.55,53,light rain,86,6.24,0.44,4.15
23,Avignon,43.9492493,4.8059012,2026-08-21,25.19,21.97,26.27,25.19,65,moderate rain,99,6.07,0.63,11.22
24,Uzes,44.0121279,4.4196718,2026-08-15,34.19,22.14,38.25,34.19,30,light rain,64,7.45,0.31,0.3
24,Uzes,44.0121279,4.4196718,2026-08-16,33.33,21.29,36.98,33.33,33,light rain,16,7.19,0.7,1.56
24,Uzes,44.0121279,4.4196718,2026-08-17,32.61,18.97,37.55,32.61,30,clear sky,8,8.75,0.66,0.0
24,Uzes,44.0121279,4.4196718,2026-08-18,33.12,21.76,37.44,33.12,22,clear sky,6,7.84,0.0,0.0
24,Uzes,44.0121279,4.4196718,2026-08-19,34.6,21.92,39.28,34.6,21,clear sky,0,6.85,0.04,0.0
24,Uzes,44.0121279,4.4196718,2026-08-20,29.02,22.79,36.55,29.02,51,moderate rain,76,6.62,0.46,6.44
24,Uzes,44.0121279,4.4196718,2026-08-21,23.84,19.86,30.69,23.84,70,moderate rain,97,4.15,0.7,12.66
25,Nimes,43.8374249,4.3600687,2026-08-15,34.56,23.34,37.39,34.56,31,broken clouds,52,6.46,0.26,0.07
25,Nimes,43.8374249,4.3600687,2026-08-16,33.43,22.52,36.22,33.43,33,light rain,19,6.83,0.65,1.08
25,Nimes,43.8374249,4.3600687,2026-08-17,33.03,20.51,37.92,33.03,30,clear sky,7,8.25,0.61,0.0
25,Nimes,43.8374249,4.3600687,2026-08-18,33.87,23.76,38.35,33.87,21,clear sky,7,6.72,0.0,0.0
25,Nimes,43.8374249,4.3600687,2026-08-19,35.09,23.57,38.87,35.09,20,clear sky,0,6.63,0.04,0.0
25,Nimes,43.8374249,4.3600687,2026-08-20,31.06,24.69,36.14,31.06,45,light rain,50,5.17,0.37,3.84
25,Nimes,43.8374249,4.3600687,2026-08-21,25.81,21.98,30.38,25.81,61,light rain,95,4.58,0.61,13.11
26,Aigues Mortes,43.5661521,4.19154,2026-08-15,30.4,25.01,31.06,30.4,53,broken clouds,56,7.0,0.17,0.01
26,Aigues Mortes,43.5661521,4.19154,2026-08-16,29.44,23.55,30.21,29.44,51,light rain,17,8.52,0.54,0.41
26,Aigues Mortes,43.5661521,4.19154,2026-08-17,30.09,22.62,34.08,30.09,43,clear sky,5,6.43,0.53,0.07
26,Aigues Mortes,43.5661521,4.19154,2026-08-18,31.99,25.54,34.36,31.99,33,clear sky,6,5.89,0.0,0.0
26,Aigues Mortes,43.5661521,4.19154,2026-08-19,31.57,25.51,32.7,31.57,34,clear sky,0,8.38,0.01,0.0
26,Aigues Mortes,43.5661521,4.19154,2026-08-20,29.33,24.95,30.32,29.33,61,light rain,36,5.91,0.31,3.72
26,Aigues Mortes,43.5661521,4.19154,2026-08-21,26.26,23.29,29.69,26.26,61,moderate rain,96,7.88,0.56,12.51
27,Saintes Maries de la mer,43.4515922,4.4277202,2026-08-15,29.15,25.42,29.32,29.15,62,scattered clouds,26,6.75,0.08,0.0
27,Saintes Maries de la mer,43.4515922,4.4277202,2026-08-16,28.09,24.37,28.34,28.09,59,light rain,5,8.88,0.37,0.29
27,Saintes Maries de la mer,43.4515922,4.4277202,2026-08-17,29.33,23.03,32.61,29.33,49,light rain,3,6.79,0.37,0.32
27,Saintes Maries de la mer,43.4515922,4.4277202,2026-08-18,30.93,25.63,32.5,30.93,39,clear sky,4,7.52,0.0,0.0
27,Saintes Maries de la mer,43.4515922,4.4277202,2026-08-19,29.77,25.66,30.47,29.77,43,clear sky,0,8.0,0.0,0.0
27,Saintes Maries de la mer,43.4515922,4.4277202,2026-08-20,28.28,24.98,28.62,28.28,71,light rain,42,6.0,0.38,1.56
27,Saintes Maries de la mer,43.4515922,4.4277202,2026-08-21,26.07,23.05,28.51,26.07,64,moderate rain,89,7.64,0.54,8.71
28,Collioure,42.52505,3.0831554,2026-08-15,30.95,24.46,31.57,30.95,47,few clouds,24,3.94,0.3,0.17
28,Collioure,42.52505,3.0831554,2026-08-16,29.13,23.02,30.25,29.13,50,moderate rain,27,4.59,0.62,6.2
28,Collioure,42.52505,3.0831554,2026-08-17,30.06,23.11,32.59,30.06,49,scattered clouds,30,7.07,0.5,0.0
28,Collioure,42.52505,3.0831554,2026-08-18,30.46,23.99,33.27,30.46,44,scattered clouds,38,7.75,0.0,0.0
28,Collioure,42.52505,3.0831554,2026-08-19,32.07,25.61,32.78,32.07,40,clear sky,0,5.27,0.2,0.1
28,Collioure,42.52505,3.0831554,2026-08-20,29.39,23.08,30.52,29.39,51,light rain,69,5.08,0.36,1.7
28,Collioure,42.52505,3.0831554,2026-08-21,25.3,21.09,27.18,25.3,63,heavy intensity rain,77,8.59,0.95,33.94
29,Carcassonne,43.2130358,2.3491069,2026-08-15,31.24,20.44,36.23,31.24,47,moderate rain,88,7.23,0.98,4.17
29,Carcassonne,43.2130358,2.3491069,2026-08-16,24.76,18.89,32.11,24.76,68,light rain,100,4.95,0.85,1.2
29,Carcassonne,43.2130358,2.3491069,2026-08-17,27.68,19.21,32.8,27.68,54,scattered clouds,25,7.52,0.69,0.0
29,Carcassonne,43.2130358,2.3491069,2026-08-18,29.11,19.08,34.15,29.11,36,scattered clouds,26,6.46,0.0,0.0
29,Carcassonne,43.2130358,2.3491069,2026-08-19,30.28,19.8,36.73,30.28,36,light rain,0,4.55,0.69,0.92
29,Carcassonne,43.2130358,2.3491069,2026-08-20,29.98,18.93,34.33,29.98,44,heavy intensity rain,10,6.32,0.98,21.37
29,Carcassonne,43.2130358,2.3491069,2026-08-21,21.4,17.4,23.49,21.4,74,heavy intensity rain,94,7.39,0.98,56.76
30,Ariege,42.9455368,1.4065544,2026-08-15,23.73,14.45,24.31,23.73,48,moderate rain,80,3.3,1.0,6.92
30,Ariege,42.9455368,1.4065544,2026-08-16,20.43,12.47,23.05,20.43,62,moderate rain,92,2.77,0.76,7.93
30,Ariege,42.9455368,1.4065544,2026-08-17,21.52,12.19,25.14,21.52,56,clear sky,3,3.51,0.46,0.0
30,Ariege,42.9455368,1.4065544,2026-08-18,22.09,12.74,26.4,22.09,52,few clouds,19,3.02,0.0,0.0
30,Ariege,42.9455368,1.4065544,2026-08-19,23.92,13.9,27.75,23.92,42,light rain,7,2.59,0.52,0.41
30,Ariege,42.9455368,1.4065544,2026-08-20,22.66,13.25,25.23,22.66,49,heavy intensity rain,8,2.88,0.98,17.1
30,Ariege,42.9455368,1.4065544,2026-08-21,12.37,9.75,13.95,12.37,98,heavy intensity rain,100,2.01,0.99,50.85
31,Toulouse,43.6044638,1.4442433,2026-08-15,28.6,20.28,33.86,28.6,54,moderate rain,95,5.68,0.88,6.66
31,Toulouse,43.6044638,1.4442433,2026-08-16,24.05,19.51,30.42,24.05,71,moderate rain,99,5.92,0.85,2.14
31,Toulouse,43.6044638,1.4442433,2026-08-17,26.3,18.83,31.99,26.3,58,light rain,28,4.89,0.86,0.73
31,Toulouse,43.6044638,1.4442433,2026-08-18,27.31,18.38,32.93,27.31,39,few clouds,15,5.14,0.0,0.0
31,Toulouse,43.6044638,1.4442433,2026-08-19,27.63,19.0,33.79,27.63,44,light rain,0,3.53,0.7,1.22
31,Toulouse,43.6044638,1.4442433,2026-08-20,26.01,19.06,31.27,26.01,59,moderate rain,12,6.09,1.0,6.73
31,Toulouse,43.6044638,1.4442433,2026-08-21,18.4,17.28,20.79,18.4,73,moderate rain,98,5.55,1.0,16.4
32,Montauban,44.0175835,1.3549991,2026-08-15,28.52,20.01,33.66,28.52,56,moderate rain,97,6.43,1.0,5.83
32,Montauban,44.0175835,1.3549991,2026-08-16,25.59,19.45,31.53,25.59,65,moderate rain,99,5.11,0.98,3.7
32,Montauban,44.0175835,1.3549991,2026-08-17,26.12,18.51,32.12,26.12,60,moderate rain,51,5.92,1.0,1.76
32,Montauban,44.0175835,1.3549991,2026-08-18,26.99,17.1,33.06,26.99,44,clear sky,6,5.23,0.0,0.0
32,Montauban,44.0175835,1.3549991,2026-08-19,27.37,18.33,33.88,27.37,42,light rain,0,3.16,0.53,1.33
32,Montauban,44.0175835,1.3549991,2026-08-20,26.08,18.91,32.15,26.08,60,moderate rain,18,7.18,0.84,3.98
32,Montauban,44.0175835,1.3549991,2026-08-21,18.66,17.09,21.02,18.66,69,moderate rain,99,6.1,0.82,6.51
33,Biarritz,43.4711437,-1.5527275,2026-08-15,23.68,20.88,24.26,23.68,80,light rain,99,6.28,0.55,0.89
33,Biarritz,43.4711437,-1.5527275,2026-08-16,23.25,20.26,24.24,23.25,75,light rain,100,3.46,0.45,0.57
33,Biarritz,43.4711437,-1.5527275,2026-08-17,22.88,19.07,24.28,22.88,76,overcast clouds,89,3.81,0.0,0.13
33,Biarritz,43.4711437,-1.5527275,2026-08-18,23.65,19.48,24.44,23.65,67,scattered clouds,45,3.86,0.0,0.0
33,Biarritz,43.4711437,-1.5527275,2026-08-19,23.13,18.75,24.06,23.13,71,moderate rain,61,4.46,0.91,2.37
33,Biarritz,43.4711437,-1.5527275,2026-08-20,22.88,19.82,23.82,22.88,75,light rain,82,3.99,0.98,4.11
33,Biarritz,43.4711437,-1.5527275,2026-08-21,19.22,18.27,21.39,19.22,76,heavy intensity rain,100,4.31,0.9,29.69
34,Bayonne,43.4945144,-1.4736657,2026-08-15,24.55,21.03,24.77,24.55,78,light rain,99,6.19,0.58,0.75
34,Bayonne,43.4945144,-1.4736657,2026-08-16,23.77,20.24,25.06,23.77,74,light rain,100,3.97,0.46,0.46
34,Bayonne,43.4945144,-1.4736657,2026-08-17,23.45,19.03,25.08,23.45,75,overcast clouds,90,4.2,0.0,0.12
34,Bayonne,43.4945144,-1.4736657,2026-08-18,24.59,19.52,25.19,24.59,64,scattered clouds,26,4.31,0.0,0.0
34,Bayonne,43.4945144,-1.4736657,2026-08-19,24.08,18.63,24.83,24.08,68,moderate rain,54,4.69,0.91,2.43
34,Bayonne,43.4945144,-1.4736657,2026-08-20,23.58,19.74,24.6,23.58,73,light rain,78,4.37,1.0,3.36
34,Bayonne,43.4945144,-1.4736657,2026-08-21,19.52,18.1,22.25,19.52,76,heavy intensity rain,100,4.18,0.92,28.01
35,La Rochelle,46.159732,-1.1515951,2026-08-15,25.28,20.13,25.77,25.28,61,light rain,92,5.93,0.56,2.02
35,La Rochelle,46.159732,-1.1515951,2026-08-16,24.52,19.96,25.24,24.52,66,light rain,3,6.52,0.94,1.16
35,La Rochelle,46.159732,-1.1515951,2026-08-17,24.59,19.42,25.09,24.59,53,overcast clouds,93,8.19,0.02,0.0
35,La Rochelle,46.159732,-1.1515951,2026-08-18,23.37,18.52,23.7,23.37,56,clear sky,6,6.9,0.0,0.0
35,La Rochelle,46.159732,-1.1515951,2026-08-19,22.95,18.21,23.2,22.95,70,clear sky,3,7.89,0.0,0.0
35,La Rochelle,46.159732,-1.1515951,2026-08-20,20.08,18.14,20.24,20.08,68,light rain,99,5.95,0.2,0.4
35,La Rochelle,46.159732,-1.1515951,2026-08-21,19.94,16.95,20.88,19.94,65,light rain,17,7.07,0.32,3.13
